"MOIRA_LIST_OWNER_KEY","OWNER","OWNER_TYPE","WAREHOUSE_LOAD_DATE"
"LIST11a16","11a16","LIST",28-OCT-24
"LIST11a20","11a20","LIST",28-OCT-24
"LIST12-lib","12-lib","LIST",28-OCT-24
"LIST12.000","12.000","LIST",28-OCT-24
"LIST12.001","12.001","LIST",28-OCT-24
"LIST12.002","12.002","LIST",28-OCT-24
"LIST12.004-admin","12.004-admin","LIST",28-OCT-24
"LIST12.007","12.007","LIST",28-OCT-24
"LIST12.102","12.102","LIST",28-OCT-24
"LIST12.108","12.108","LIST",28-OCT-24
"LIST12.115-www","12.115-www","LIST",28-OCT-24
"LIST12.120","12.120","LIST",28-OCT-24
"LIST12.120-iap-07-list-request","12.120-iap-07-list-request","LIST",28-OCT-24
"LIST12.15s","12.15s","LIST",28-OCT-24
"LIST12.162","12.162","LIST",28-OCT-24
"LIST12.163","12.163","LIST",28-OCT-24
"LIST12.310.2014","12.310.2014","LIST",28-OCT-24
"LIST12.310.admin","12.310.admin","LIST",28-OCT-24
"LIST12.340x","12.340x","LIST",28-OCT-24
"LIST12.340x-content-creators","12.340x-content-creators","LIST",28-OCT-24
"LIST12.340x_team","12.340x_team","LIST",28-OCT-24
"LIST12.409","12.409","LIST",28-OCT-24
"LIST12.409-staff","12.409-staff","LIST",28-OCT-24
"LIST12.410-admin","12.410-admin","LIST",28-OCT-24
"LIST12.410-staff","12.410-staff","LIST",28-OCT-24
"LIST12.412","12.412","LIST",28-OCT-24
"LIST12.459","12.459","LIST",28-OCT-24
"LIST12.465","12.465","LIST",28-OCT-24
"LIST12.481-acl","12.481-acl","LIST",28-OCT-24
"LIST12.488","12.488","LIST",28-OCT-24
"LIST12.501.2005","12.501.2005","LIST",28-OCT-24
"LIST12.510","12.510","LIST",28-OCT-24
"LIST12.515","12.515","LIST",28-OCT-24
"LIST12.517","12.517","LIST",28-OCT-24
"LIST12.620j","12.620j","LIST",28-OCT-24
"LIST12.650","12.650","LIST",28-OCT-24
"LIST12.800","12.800","LIST",28-OCT-24
"LIST12.842","12.842","LIST",28-OCT-24
"LIST12.864-acl","12.864-acl","LIST",28-OCT-24
"LIST12.a40","12.a40","LIST",28-OCT-24
"LIST12001sp09","12001sp09","LIST",28-OCT-24
"LIST1202-students-request","1202-students-request","LIST",28-OCT-24
"LIST12307video","12307video","LIST",28-OCT-24
"LIST124berkshire","124berkshire","LIST",28-OCT-24
"LIST1264","1264","LIST",28-OCT-24
"LIST12a33","12a33","LIST",28-OCT-24
"LIST12game","12game","LIST",28-OCT-24
"LIST12research-request","12research-request","LIST",28-OCT-24
"LIST12s23-admin","12s23-admin","LIST",28-OCT-24
"LIST12s55-request","12s55-request","LIST",28-OCT-24
"LIST12thesis2010","12thesis2010","LIST",28-OCT-24
"LIST13-3-grads","13-3-grads","LIST",28-OCT-24
"LIST13-3-sharedlab-cmse-request","13-3-sharedlab-cmse-request","LIST",28-OCT-24
"LIST13-3095crew","13-3095crew","LIST",28-OCT-24
"LIST13-ehsreps-request","13-ehsreps-request","LIST",28-OCT-24
"LIST13.001","13.001","LIST",28-OCT-24
"LIST13.012","13.012","LIST",28-OCT-24
"LIST13.014j","13.014j","LIST",28-OCT-24
"LIST13.016_fall93","13.016_fall93","LIST",28-OCT-24
"LIST13.017","13.017","LIST",28-OCT-24
"LIST13.021","13.021","LIST",28-OCT-24
"LIST13.021_f04-request","13.021_f04-request","LIST",28-OCT-24
"LIST13.024","13.024","LIST",28-OCT-24
"LIST13.024-staff","13.024-staff","LIST",28-OCT-24
"LIST13.04","13.04","LIST",28-OCT-24
"LIST13.04-request","13.04-request","LIST",28-OCT-24
"LIST13.08","13.08","LIST",28-OCT-24
"LIST13.412","13.412","LIST",28-OCT-24
"LIST13.413","13.413","LIST",28-OCT-24
"LIST13.414","13.414","LIST",28-OCT-24
"LIST13.42","13.42","LIST",28-OCT-24
"LIST13.42class-request","13.42class-request","LIST",28-OCT-24
"LIST13.49-students-request","13.49-students-request","LIST",28-OCT-24
"LIST13.69","13.69","LIST",28-OCT-24
"LIST13.700","13.700","LIST",28-OCT-24
"LIST13.715","13.715","LIST",28-OCT-24
"LIST13.741","13.741","LIST",28-OCT-24
"LIST13.80","13.80","LIST",28-OCT-24
"LIST13.801","13.801","LIST",28-OCT-24
"LIST13.ship","13.ship","LIST",28-OCT-24
"LIST13.ship_dev","13.ship_dev","LIST",28-OCT-24
"LIST13003-students-request","13003-students-request","LIST",28-OCT-24
"LIST13a","13a","LIST",28-OCT-24
"LIST13far","13far","LIST",28-OCT-24
"LIST13itches","13itches","LIST",28-OCT-24
"LIST13labpis-cmse-request","13labpis-cmse-request","LIST",28-OCT-24
"LIST13seas-advisors-request","13seas-advisors-request","LIST",28-OCT-24
"LIST13seas-members","13seas-members","LIST",28-OCT-24
"LIST13seas-news","13seas-news","LIST",28-OCT-24
"LIST13seas-officers","13seas-officers","LIST",28-OCT-24
"LIST13seas-request-old","13seas-request-old","LIST",28-OCT-24
"LIST13sec-cmse-request-old","13sec-cmse-request-old","LIST",28-OCT-24
"LIST14-20-request","14-20-request","LIST",28-OCT-24
"LIST14-74-spring-05-request","14-74-spring-05-request","LIST",28-OCT-24
"LIST14.01-conflictexams-request","14.01-conflictexams-request","LIST",28-OCT-24
"LIST14.01-request","14.01-request","LIST",28-OCT-24
"LIST14.01-ta","14.01-ta","LIST",28-OCT-24
"LIST14.01-ta-request","14.01-ta-request","LIST",28-OCT-24
"LIST14.01-tas","14.01-tas","LIST",28-OCT-24
"LIST14.02_hayan","14.02_hayan","LIST",28-OCT-24
"LIST14.03-instructors","14.03-instructors","LIST",28-OCT-24
"LIST14.04","14.04","LIST",28-OCT-24
"LIST14.05","14.05","LIST",28-OCT-24
"LIST14.05-request","14.05-request","LIST",28-OCT-24
"LIST14.06","14.06","LIST",28-OCT-24
"LIST14.06-admin","14.06-admin","LIST",28-OCT-24
"LIST14.06-staff","14.06-staff","LIST",28-OCT-24
"LIST14.102","14.102","LIST",28-OCT-24
"LIST14.12-request","14.12-request","LIST",28-OCT-24
"LIST14.121","14.121","LIST",28-OCT-24
"LIST14.122","14.122","LIST",28-OCT-24
"LIST14.122-acl","14.122-acl","LIST",28-OCT-24
"LIST14.123","14.123","LIST",28-OCT-24
"LIST14.124","14.124","LIST",28-OCT-24
"LIST14.126","14.126","LIST",28-OCT-24
"LIST14.128","14.128","LIST",28-OCT-24
"LIST14.13","14.13","LIST",28-OCT-24
"LIST14.13-staff","14.13-staff","LIST",28-OCT-24
"LIST14.138","14.138","LIST",28-OCT-24
"LIST14.147","14.147","LIST",28-OCT-24
"LIST14.160","14.160","LIST",28-OCT-24
"LIST14.193","14.193","LIST",28-OCT-24
"LIST14.193-request","14.193-request","LIST",28-OCT-24
"LIST14.20","14.20","LIST",28-OCT-24
"LIST14.22","14.22","LIST",28-OCT-24
"LIST14.23","14.23","LIST",28-OCT-24
"LIST14.24","14.24","LIST",28-OCT-24
"LIST14.272","14.272","LIST",28-OCT-24
"LIST14.28","14.28","LIST",28-OCT-24
"LIST14.281","14.281","LIST",28-OCT-24
"LIST14.282","14.282","LIST",28-OCT-24
"LIST14.298","14.298","LIST",28-OCT-24
"LIST14.30","14.30","LIST",28-OCT-24
"LIST14.31","14.31","LIST",28-OCT-24
"LIST14.32-request","14.32-request","LIST",28-OCT-24
"LIST14.32-students-request","14.32-students-request","LIST",28-OCT-24
"LIST14.381","14.381","LIST",28-OCT-24
"LIST14.382-acl","14.382-acl","LIST",28-OCT-24
"LIST14.382-request","14.382-request","LIST",28-OCT-24
"LIST14.383","14.383","LIST",28-OCT-24
"LIST14.384","14.384","LIST",28-OCT-24
"LIST14.387","14.387","LIST",28-OCT-24
"LIST14.388","14.388","LIST",28-OCT-24
"LIST14.41-admin","14.41-admin","LIST",28-OCT-24
"LIST14.42-acl","14.42-acl","LIST",28-OCT-24
"LIST14.42-admin","14.42-admin","LIST",28-OCT-24
"LIST14.45-acl","14.45-acl","LIST",28-OCT-24
"LIST14.451","14.451","LIST",28-OCT-24
"LIST14.452","14.452","LIST",28-OCT-24
"LIST14.453","14.453","LIST",28-OCT-24
"LIST14.454-request","14.454-request","LIST",28-OCT-24
"LIST14.461-request","14.461-request","LIST",28-OCT-24
"LIST14.471","14.471","LIST",28-OCT-24
"LIST14.48","14.48","LIST",28-OCT-24
"LIST14.49","14.49","LIST",28-OCT-24
"LIST14.49-students-request","14.49-students-request","LIST",28-OCT-24
"LIST14.54","14.54","LIST",28-OCT-24
"LIST14.581","14.581","LIST",28-OCT-24
"LIST14.63","14.63","LIST",28-OCT-24
"LIST14.64","14.64","LIST",28-OCT-24
"LIST14.64-request","14.64-request","LIST",28-OCT-24
"LIST14.65j-students","14.65j-students","LIST",28-OCT-24
"LIST14.661","14.661","LIST",28-OCT-24
"LIST14.661-request","14.661-request","LIST",28-OCT-24
"LIST14.662","14.662","LIST",28-OCT-24
"LIST14.71","14.71","LIST",28-OCT-24
"LIST14.72","14.72","LIST",28-OCT-24
"LIST14.731","14.731","LIST",28-OCT-24
"LIST14.73x","14.73x","LIST",28-OCT-24
"LIST14.74","14.74","LIST",28-OCT-24
"LIST14.74-2004-request","14.74-2004-request","LIST",28-OCT-24
"LIST14.75j","14.75j","LIST",28-OCT-24
"LIST14.771","14.771","LIST",28-OCT-24
"LIST14.772","14.772","LIST",28-OCT-24
"LIST14.773","14.773","LIST",28-OCT-24
"LIST1401ta_fall07","1401ta_fall07","LIST",28-OCT-24
"LIST1403_fall2004-request","1403_fall2004-request","LIST",28-OCT-24
"LIST141-coffee","141-coffee","LIST",28-OCT-24
"LIST141summer","141summer","LIST",28-OCT-24
"LIST145-admin","145-admin","LIST",28-OCT-24
"LIST1472-fall97","1472-fall97","LIST",28-OCT-24
"LIST14731students-request","14731students-request","LIST",28-OCT-24
"LIST1473group9","1473group9","LIST",28-OCT-24
"LIST14email","14email","LIST",28-OCT-24
"LIST14karat","14karat","LIST",28-OCT-24
"LIST14lopez","14lopez","LIST",28-OCT-24
"LIST14s-prcs","14s-prcs","LIST",28-OCT-24
"LIST15-812-request","15-812-request","LIST",28-OCT-24
"LIST15.010.99f","15.010.99f","LIST",28-OCT-24
"LIST15.011","15.011","LIST",28-OCT-24
"LIST15.012ef.00s","15.012ef.00s","LIST",28-OCT-24
"LIST15.020.99f","15.020.99f","LIST",28-OCT-24
"LIST15.024","15.024","LIST",28-OCT-24
"LIST15.034.99f","15.034.99f","LIST",28-OCT-24
"LIST15.035","15.035","LIST",28-OCT-24
"LIST15.053","15.053","LIST",28-OCT-24
"LIST15.053-admin","15.053-admin","LIST",28-OCT-24
"LIST15.053.99f","15.053.99f","LIST",28-OCT-24
"LIST15.059","15.059","LIST",28-OCT-24
"LIST15.060","15.060","LIST",28-OCT-24
"LIST15.060-section-b-request","15.060-section-b-request","LIST",28-OCT-24
"LIST15.060.99f","15.060.99f","LIST",28-OCT-24
"LIST15.060c_fall06","15.060c_fall06","LIST",28-OCT-24
"LIST15.061.00s","15.061.00s","LIST",28-OCT-24
"LIST15.063help","15.063help","LIST",28-OCT-24
"LIST15.064-acl","15.064-acl","LIST",28-OCT-24
"LIST15.064-help","15.064-help","LIST",28-OCT-24
"LIST15.064-staff","15.064-staff","LIST",28-OCT-24
"LIST15.064help","15.064help","LIST",28-OCT-24
"LIST15.064students","15.064students","LIST",28-OCT-24
"LIST15.065.99f","15.065.99f","LIST",28-OCT-24
"LIST15.066-www","15.066-www","LIST",28-OCT-24
"LIST15.066.99f","15.066.99f","LIST",28-OCT-24
"LIST15.067","15.067","LIST",28-OCT-24
"LIST15.067.00s","15.067.00s","LIST",28-OCT-24
"LIST15.067.99f","15.067.99f","LIST",28-OCT-24
"LIST15.068","15.068","LIST",28-OCT-24
"LIST15.068help","15.068help","LIST",28-OCT-24
"LIST15.068helpline","15.068helpline","LIST",28-OCT-24
"LIST15.068questions","15.068questions","LIST",28-OCT-24
"LIST15.070.00s","15.070.00s","LIST",28-OCT-24
"LIST15.071-help","15.071-help","LIST",28-OCT-24
"LIST15.071-staff","15.071-staff","LIST",28-OCT-24
"LIST15.071sp2020","15.071sp2020","LIST",28-OCT-24
"LIST15.071x_team","15.071x_team","LIST",28-OCT-24
"LIST15.071_staff","15.071_staff","LIST",28-OCT-24
"LIST15.071_students-request","15.071_students-request","LIST",28-OCT-24
"LIST15.072","15.072","LIST",28-OCT-24
"LIST15.073-classhelp","15.073-classhelp","LIST",28-OCT-24
"LIST15.073j","15.073j","LIST",28-OCT-24
"LIST15.073j.99f","15.073j.99f","LIST",28-OCT-24
"LIST15.075","15.075","LIST",28-OCT-24
"LIST15.075-help","15.075-help","LIST",28-OCT-24
"LIST15.075-list-request","15.075-list-request","LIST",28-OCT-24
"LIST15.075.00s","15.075.00s","LIST",28-OCT-24
"LIST15.075.99f","15.075.99f","LIST",28-OCT-24
"LIST15.076.00s","15.076.00s","LIST",28-OCT-24
"LIST15.077.00s","15.077.00s","LIST",28-OCT-24
"LIST15.081","15.081","LIST",28-OCT-24
"LIST15.081.99f","15.081.99f","LIST",28-OCT-24
"LIST15.097.00s","15.097.00s","LIST",28-OCT-24
"LIST15.136j","15.136j","LIST",28-OCT-24
"LIST15.141","15.141","LIST",28-OCT-24
"LIST15.215.00s","15.215.00s","LIST",28-OCT-24
"LIST15.219","15.219","LIST",28-OCT-24
"LIST15.220","15.220","LIST",28-OCT-24
"LIST15.220a.00s","15.220a.00s","LIST",28-OCT-24
"LIST15.223","15.223","LIST",28-OCT-24
"LIST15.224","15.224","LIST",28-OCT-24
"LIST15.228","15.228","LIST",28-OCT-24
"LIST15.228.00s","15.228.00s","LIST",28-OCT-24
"LIST15.269","15.269","LIST",28-OCT-24
"LIST15.269b","15.269b","LIST",28-OCT-24
"LIST15.279-staff-request","15.279-staff-request","LIST",28-OCT-24
"LIST15.280.99f","15.280.99f","LIST",28-OCT-24
"LIST15.281.00s","15.281.00s","LIST",28-OCT-24
"LIST15.286admin","15.286admin","LIST",28-OCT-24
"LIST15.289-comments","15.289-comments","LIST",28-OCT-24
"LIST15.311","15.311","LIST",28-OCT-24
"LIST15.312.00s","15.312.00s","LIST",28-OCT-24
"LIST15.317.00s","15.317.00s","LIST",28-OCT-24
"LIST15.317a","15.317a","LIST",28-OCT-24
"LIST15.318.00s","15.318.00s","LIST",28-OCT-24
"LIST15.350adistribution-request","15.350adistribution-request","LIST",28-OCT-24
"LIST15.351","15.351","LIST",28-OCT-24
"LIST15.351.99f","15.351.99f","LIST",28-OCT-24
"LIST15.361","15.361","LIST",28-OCT-24
"LIST15.365j.00s","15.365j.00s","LIST",28-OCT-24
"LIST15.371","15.371","LIST",28-OCT-24
"LIST15.377","15.377","LIST",28-OCT-24
"LIST15.379.00s","15.379.00s","LIST",28-OCT-24
"LIST15.379.99f","15.379.99f","LIST",28-OCT-24
"LIST15.389c-staff","15.389c-staff","LIST",28-OCT-24
"LIST15.390-acl","15.390-acl","LIST",28-OCT-24
"LIST15.390-ta","15.390-ta","LIST",28-OCT-24
"LIST15.390b.99f","15.390b.99f","LIST",28-OCT-24
"LIST15.390peeps","15.390peeps","LIST",28-OCT-24
"LIST15.395","15.395","LIST",28-OCT-24
"LIST15.395.00s","15.395.00s","LIST",28-OCT-24
"LIST15.396","15.396","LIST",28-OCT-24
"LIST15.397.00s","15.397.00s","LIST",28-OCT-24
"LIST15.399-admin","15.399-admin","LIST",28-OCT-24
"LIST15.401ac.99f","15.401ac.99f","LIST",28-OCT-24
"LIST15.401bd.99f","15.401bd.99f","LIST",28-OCT-24
"LIST15.401cd","15.401cd","LIST",28-OCT-24
"LIST15.401ef","15.401ef","LIST",28-OCT-24
"LIST15.401f.99f","15.401f.99f","LIST",28-OCT-24
"LIST15.407","15.407","LIST",28-OCT-24
"LIST15.410","15.410","LIST",28-OCT-24
"LIST15.411","15.411","LIST",28-OCT-24
"LIST15.411.99f","15.411.99f","LIST",28-OCT-24
"LIST15.412.99f","15.412.99f","LIST",28-OCT-24
"LIST15.414","15.414","LIST",28-OCT-24
"LIST15.414.99f","15.414.99f","LIST",28-OCT-24
"LIST15.415","15.415","LIST",28-OCT-24
"LIST15.415ab","15.415ab","LIST",28-OCT-24
"LIST15.415cd","15.415cd","LIST",28-OCT-24
"LIST15.415e","15.415e","LIST",28-OCT-24
"LIST15.423","15.423","LIST",28-OCT-24
"LIST15.433.99f","15.433.99f","LIST",28-OCT-24
"LIST15.433ab","15.433ab","LIST",28-OCT-24
"LIST15.434.99f","15.434.99f","LIST",28-OCT-24
"LIST15.436.99f","15.436.99f","LIST",28-OCT-24
"LIST15.437.99f","15.437.99f","LIST",28-OCT-24
"LIST15.438.00s","15.438.00s","LIST",28-OCT-24
"LIST15.441j.99f","15.441j.99f","LIST",28-OCT-24
"LIST15.448.99f","15.448.99f","LIST",28-OCT-24
"LIST15.449.99f","15.449.99f","LIST",28-OCT-24
"LIST15.452","15.452","LIST",28-OCT-24
"LIST15.452.99f","15.452.99f","LIST",28-OCT-24
"LIST15.492_canvas_admins","15.492_canvas_admins","LIST",28-OCT-24
"LIST15.501","15.501","LIST",28-OCT-24
"LIST15.501.99f","15.501.99f","LIST",28-OCT-24
"LIST15.515","15.515","LIST",28-OCT-24
"LIST15.515.99f","15.515.99f","LIST",28-OCT-24
"LIST15.515lfm","15.515lfm","LIST",28-OCT-24
"LIST15.516","15.516","LIST",28-OCT-24
"LIST15.521.00s","15.521.00s","LIST",28-OCT-24
"LIST15.54","15.54","LIST",28-OCT-24
"LIST15.545.99f","15.545.99f","LIST",28-OCT-24
"LIST15.561.00s","15.561.00s","LIST",28-OCT-24
"LIST15.561a","15.561a","LIST",28-OCT-24
"LIST15.564-ta","15.564-ta","LIST",28-OCT-24
"LIST15.564.99f","15.564.99f","LIST",28-OCT-24
"LIST15.565.00s","15.565.00s","LIST",28-OCT-24
"LIST15.566","15.566","LIST",28-OCT-24
"LIST15.567","15.567","LIST",28-OCT-24
"LIST15.568.00s","15.568.00s","LIST",28-OCT-24
"LIST15.578.00s","15.578.00s","LIST",28-OCT-24
"LIST15.579","15.579","LIST",28-OCT-24
"LIST15.579-all","15.579-all","LIST",28-OCT-24
"LIST15.579-engin","15.579-engin","LIST",28-OCT-24
"LIST15.579-fin","15.579-fin","LIST",28-OCT-24
"LIST15.579-library","15.579-library","LIST",28-OCT-24
"LIST15.579-request","15.579-request","LIST",28-OCT-24
"LIST15.579-tech","15.579-tech","LIST",28-OCT-24
"LIST15.579.00s","15.579.00s","LIST",28-OCT-24
"LIST15.599-participants","15.599-participants","LIST",28-OCT-24
"LIST15.615","15.615","LIST",28-OCT-24
"LIST15.615.00s","15.615.00s","LIST",28-OCT-24
"LIST15.618-alumni-owner","15.618-alumni-owner","LIST",28-OCT-24
"LIST15.635","15.635","LIST",28-OCT-24
"LIST15.635.00s","15.635.00s","LIST",28-OCT-24
"LIST15.645","15.645","LIST",28-OCT-24
"LIST15.647","15.647","LIST",28-OCT-24
"LIST15.648","15.648","LIST",28-OCT-24
"LIST15.649","15.649","LIST",28-OCT-24
"LIST15.660","15.660","LIST",28-OCT-24
"LIST15.660.00s","15.660.00s","LIST",28-OCT-24
"LIST15.665-request","15.665-request","LIST",28-OCT-24
"LIST15.665.99f","15.665.99f","LIST",28-OCT-24
"LIST15.716-www","15.716-www","LIST",28-OCT-24
"LIST15.760.00s","15.760.00s","LIST",28-OCT-24
"LIST15.762.00s","15.762.00s","LIST",28-OCT-24
"LIST15.766","15.766","LIST",28-OCT-24
"LIST15.768.00s","15.768.00s","LIST",28-OCT-24
"LIST15.769-admin","15.769-admin","LIST",28-OCT-24
"LIST15.769.00s","15.769.00s","LIST",28-OCT-24
"LIST15.783j","15.783j","LIST",28-OCT-24
"LIST15.783j.00s","15.783j.00s","LIST",28-OCT-24
"LIST15.792admin","15.792admin","LIST",28-OCT-24
"LIST15.795.00s","15.795.00s","LIST",28-OCT-24
"LIST15.811.00s","15.811.00s","LIST",28-OCT-24
"LIST15.812-www","15.812-www","LIST",28-OCT-24
"LIST15.812.99f","15.812.99f","LIST",28-OCT-24
"LIST15.814.99f","15.814.99f","LIST",28-OCT-24
"LIST15.819-staff","15.819-staff","LIST",28-OCT-24
"LIST15.825","15.825","LIST",28-OCT-24
"LIST15.828-npd-request","15.828-npd-request","LIST",28-OCT-24
"LIST15.828.99f","15.828.99f","LIST",28-OCT-24
"LIST15.829.00s","15.829.00s","LIST",28-OCT-24
"LIST15.831.99f","15.831.99f","LIST",28-OCT-24
"LIST15.839workshop-admin","15.839workshop-admin","LIST",28-OCT-24
"LIST15.871.00s","15.871.00s","LIST",28-OCT-24
"LIST15.871.99f","15.871.99f","LIST",28-OCT-24
"LIST15.874.99f","15.874.99f","LIST",28-OCT-24
"LIST15.875-request","15.875-request","LIST",28-OCT-24
"LIST15.900.99f","15.900.99f","LIST",28-OCT-24
"LIST15.901.99f","15.901.99f","LIST",28-OCT-24
"LIST15.903","15.903","LIST",28-OCT-24
"LIST15.912.99f","15.912.99f","LIST",28-OCT-24
"LIST15.924.99f","15.924.99f","LIST",28-OCT-24
"LIST15.930","15.930","LIST",28-OCT-24
"LIST15.932","15.932","LIST",28-OCT-24
"LIST15.932-request","15.932-request","LIST",28-OCT-24
"LIST15.933","15.933","LIST",28-OCT-24
"LIST15.939.00s","15.939.00s","LIST",28-OCT-24
"LIST15.941j.00s","15.941j.00s","LIST",28-OCT-24
"LIST15.943.99f","15.943.99f","LIST",28-OCT-24
"LIST15.945","15.945","LIST",28-OCT-24
"LIST15.962.00s","15.962.00s","LIST",28-OCT-24
"LIST15.967.99f","15.967.99f","LIST",28-OCT-24
"LIST15.971-students-request","15.971-students-request","LIST",28-OCT-24
"LIST15.975","15.975","LIST",28-OCT-24
"LIST15.979.00s","15.979.00s","LIST",28-OCT-24
"LIST15.981dl-request","15.981dl-request","LIST",28-OCT-24
"LIST15.981oc-request","15.981oc-request","LIST",28-OCT-24
"LIST15.981sdm","15.981sdm","LIST",28-OCT-24
"LIST15.984-spr2001-request","15.984-spr2001-request","LIST",28-OCT-24
"LIST15.992-sp07-faculty","15.992-sp07-faculty","LIST",28-OCT-24
"LIST15.orlin","15.orlin","LIST",28-OCT-24
"LIST15.s16-spring2013","15.s16-spring2013","LIST",28-OCT-24
"LIST15.s52","15.s52","LIST",28-OCT-24
"LIST15.s55-owner","15.s55-owner","LIST",28-OCT-24
"LIST15060e-request","15060e-request","LIST",28-OCT-24
"LIST15060f-request","15060f-request","LIST",28-OCT-24
"LIST15063","15063","LIST",28-OCT-24
"LIST15064-help","15064-help","LIST",28-OCT-24
"LIST15067a","15067a","LIST",28-OCT-24
"LIST15067b","15067b","LIST",28-OCT-24
"LIST15068office-hours","15068office-hours","LIST",28-OCT-24
"LIST15071-help","15071-help","LIST",28-OCT-24
"LIST15071-questions","15071-questions","LIST",28-OCT-24
"LIST15071questions","15071questions","LIST",28-OCT-24
"LIST150committee-request","150committee-request","LIST",28-OCT-24
"LIST150ops-request","150ops-request","LIST",28-OCT-24
"LIST150smoots","150smoots","LIST",28-OCT-24
"LIST150website-request","150website-request","LIST",28-OCT-24
"LIST15280-request","15280-request","LIST",28-OCT-24
"LIST15289-s99-request","15289-s99-request","LIST",28-OCT-24
"LIST15301ai-request","15301ai-request","LIST",28-OCT-24
"LIST15312md","15312md","LIST",28-OCT-24
"LIST15398-request","15398-request","LIST",28-OCT-24
"LIST15401ab-request","15401ab-request","LIST",28-OCT-24
"LIST15562-request","15562-request","LIST",28-OCT-24
"LIST15564-request","15564-request","LIST",28-OCT-24
"LIST15568-1","15568-1","LIST",28-OCT-24
"LIST15665","15665","LIST",28-OCT-24
"LIST15665papergroup","15665papergroup","LIST",28-OCT-24
"LIST15666","15666","LIST",28-OCT-24
"LIST15667-request","15667-request","LIST",28-OCT-24
"LIST15668-08","15668-08","LIST",28-OCT-24
"LIST15825","15825","LIST",28-OCT-24
"LIST15a01-request","15a01-request","LIST",28-OCT-24
"LIST15a03sem","15a03sem","LIST",28-OCT-24
"LIST15a10","15a10","LIST",28-OCT-24
"LIST15s16","15s16","LIST",28-OCT-24
"LIST15_307","15_307","LIST",28-OCT-24
"LIST16-56renov","16-56renov","LIST",28-OCT-24
"LIST16-682-2016-team-5","16-682-2016-team-5","LIST",28-OCT-24
"LIST16-grad-practicum","16-grad-practicum","LIST",28-OCT-24
"LIST16-sharedgroup","16-sharedgroup","LIST",28-OCT-24
"LIST16.00","16.00","LIST",28-OCT-24
"LIST16.00_students-request","16.00_students-request","LIST",28-OCT-24
"LIST16.00_webmaster","16.00_webmaster","LIST",28-OCT-24
"LIST16.010","16.010","LIST",28-OCT-24
"LIST16.025_dev","16.025_dev","LIST",28-OCT-24
"LIST16.05-admin","16.05-admin","LIST",28-OCT-24
"LIST16.06-www","16.06-www","LIST",28-OCT-24
"LIST16.060-staff","16.060-staff","LIST",28-OCT-24
"LIST16.07","16.07","LIST",28-OCT-24
"LIST16.070","16.070","LIST",28-OCT-24
"LIST16.100-admin","16.100-admin","LIST",28-OCT-24
"LIST16.100-bwb","16.100-bwb","LIST",28-OCT-24
"LIST16.100-staff-request","16.100-staff-request","LIST",28-OCT-24
"LIST16.120-list-request","16.120-list-request","LIST",28-OCT-24
"LIST16.120-request","16.120-request","LIST",28-OCT-24
"LIST16.160-admin","16.160-admin","LIST",28-OCT-24
"LIST16.20-request","16.20-request","LIST",28-OCT-24
"LIST16.210","16.210","LIST",28-OCT-24
"LIST16.222","16.222","LIST",28-OCT-24
"LIST16.230-admin","16.230-admin","LIST",28-OCT-24
"LIST16.241","16.241","LIST",28-OCT-24
"LIST16.242","16.242","LIST",28-OCT-24
"LIST16.243-students","16.243-students","LIST",28-OCT-24
"LIST16.26-request","16.26-request","LIST",28-OCT-24
"LIST16.31","16.31","LIST",28-OCT-24
"LIST16.31-instructors-request","16.31-instructors-request","LIST",28-OCT-24
"LIST16.31-students-request","16.31-students-request","LIST",28-OCT-24
"LIST16.324","16.324","LIST",28-OCT-24
"LIST16.324-instructors-request","16.324-instructors-request","LIST",28-OCT-24
"LIST16.324-students-request","16.324-students-request","LIST",28-OCT-24
"LIST16.34","16.34","LIST",28-OCT-24
"LIST16.35-staff","16.35-staff","LIST",28-OCT-24
"LIST16.36","16.36","LIST",28-OCT-24
"LIST16.400-admin","16.400-admin","LIST",28-OCT-24
"LIST16.400j","16.400j","LIST",28-OCT-24
"LIST16.410","16.410","LIST",28-OCT-24
"LIST16.410-instructors-request","16.410-instructors-request","LIST",28-OCT-24
"LIST16.412-staff","16.412-staff","LIST",28-OCT-24
"LIST16.412-students-request","16.412-students-request","LIST",28-OCT-24
"LIST16.412j","16.412j","LIST",28-OCT-24
"LIST16.412j-instructors-request","16.412j-instructors-request","LIST",28-OCT-24
"LIST16.412j-students-request","16.412j-students-request","LIST",28-OCT-24
"LIST16.420f08","16.420f08","LIST",28-OCT-24
"LIST16.423","16.423","LIST",28-OCT-24
"LIST16.459","16.459","LIST",28-OCT-24
"LIST16.470","16.470","LIST",28-OCT-24
"LIST16.498-admin","16.498-admin","LIST",28-OCT-24
"LIST16.499-students-request","16.499-students-request","LIST",28-OCT-24
"LIST16.50-admin","16.50-admin","LIST",28-OCT-24
"LIST'","'","LIST",28-OCT-24
"LIST.-_",".-_","LIST",28-OCT-24
"LIST.....",".....","LIST",28-OCT-24
"LIST003-admin","003-admin","LIST",28-OCT-24
"LIST008ufo","008ufo","LIST",28-OCT-24
"LIST008x","008x","LIST",28-OCT-24
"LIST00foo","00foo","LIST",28-OCT-24
"LIST01urbanor","01urbanor","LIST",28-OCT-24
"LIST03-leader","03-leader","LIST",28-OCT-24
"LIST050team2","050team2","LIST",28-OCT-24
"LIST051","051","LIST",28-OCT-24
"LIST053staff","053staff","LIST",28-OCT-24
"LIST05advisees","05advisees","LIST",28-OCT-24
"LIST069s05-request","069s05-request","LIST",28-OCT-24
"LIST07christians-request","07christians-request","LIST",28-OCT-24
"LIST07mit780-request","07mit780-request","LIST",28-OCT-24
"LIST08-discuss","08-discuss","LIST",28-OCT-24
"LIST08-next-3w","08-next-3w","LIST",28-OCT-24
"LIST094-students-request","094-students-request","LIST",28-OCT-24
"LIST09browndance","09browndance","LIST",28-OCT-24
"LIST0xd06e","0xd06e","LIST",28-OCT-24
"LIST1-00_graders","1-00_graders","LIST",28-OCT-24
"LIST1-084-staff","1-084-staff","LIST",28-OCT-24
"LIST1-281","1-281","LIST",28-OCT-24
"LIST1-282-random-hall","1-282-random-hall","LIST",28-OCT-24
"LIST1-290-random-hall","1-290-random-hall","LIST",28-OCT-24
"LIST1-west-summer","1-west-summer","LIST",28-OCT-24
"LIST1.00tas","1.00tas","LIST",28-OCT-24
"LIST1.010","1.010","LIST",28-OCT-24
"LIST1.013-team1","1.013-team1","LIST",28-OCT-24
"LIST1.013sp12_major1","1.013sp12_major1","LIST",28-OCT-24
"LIST1.013sp12_major2","1.013sp12_major2","LIST",28-OCT-24
"LIST1.013_team1","1.013_team1","LIST",28-OCT-24
"LIST1.016-2005-journal-request","1.016-2005-journal-request","LIST",28-OCT-24
"LIST1.017","1.017","LIST",28-OCT-24
"LIST1.017_students-request","1.017_students-request","LIST",28-OCT-24
"LIST1.018recitation","1.018recitation","LIST",28-OCT-24
"LIST1.020","1.020","LIST",28-OCT-24
"LIST1.022-www","1.022-www","LIST",28-OCT-24
"LIST1.040","1.040","LIST",28-OCT-24
"LIST1.041-www","1.041-www","LIST",28-OCT-24
"LIST1.050-awesome","1.050-awesome","LIST",28-OCT-24
"LIST1.058group","1.058group","LIST",28-OCT-24
"LIST1.061","1.061","LIST",28-OCT-24
"LIST1.071j-request","1.071j-request","LIST",28-OCT-24
"LIST1.080-minus-fascists","1.080-minus-fascists","LIST",28-OCT-24
"LIST1.080-staff","1.080-staff","LIST",28-OCT-24
"LIST1.096","1.096","LIST",28-OCT-24
"LIST1.101","1.101","LIST",28-OCT-24
"LIST1.101-site-help","1.101-site-help","LIST",28-OCT-24
"LIST1.101instructors_fall11","1.101instructors_fall11","LIST",28-OCT-24
"LIST1.102-acl","1.102-acl","LIST",28-OCT-24
"LIST1.10s","1.10s","LIST",28-OCT-24
"LIST1.12","1.12","LIST",28-OCT-24
"LIST1.12-admin","1.12-admin","LIST",28-OCT-24
"LIST1.12-students","1.12-students","LIST",28-OCT-24
"LIST1.120-request","1.120-request","LIST",28-OCT-24
"LIST1.124_dev","1.124_dev","LIST",28-OCT-24
"LIST1.125","1.125","LIST",28-OCT-24
"LIST1.133","1.133","LIST",28-OCT-24
"LIST1.151","1.151","LIST",28-OCT-24
"LIST1.206j03-request","1.206j03-request","LIST",28-OCT-24
"LIST1.224","1.224","LIST",28-OCT-24
"LIST1.225","1.225","LIST",28-OCT-24
"LIST1.225j","1.225j","LIST",28-OCT-24
"LIST1.252j","1.252j","LIST",28-OCT-24
"LIST1.258","1.258","LIST",28-OCT-24
"LIST1.262j","1.262j","LIST",28-OCT-24
"LIST1.265","1.265","LIST",28-OCT-24
"LIST1.265-staff","1.265-staff","LIST",28-OCT-24
"LIST1.281-students","1.281-students","LIST",28-OCT-24
"LIST1.38x_adm","1.38x_adm","LIST",28-OCT-24
"LIST1.44","1.44","LIST",28-OCT-24
"LIST1.45","1.45","LIST",28-OCT-24
"LIST1.46","1.46","LIST",28-OCT-24
"LIST1.46-staff","1.46-staff","LIST",28-OCT-24
"LIST1.463","1.463","LIST",28-OCT-24
"LIST1.561mbd-request","1.561mbd-request","LIST",28-OCT-24
"LIST1.581","1.581","LIST",28-OCT-24
"LIST1.581-admin","1.581-admin","LIST",28-OCT-24
"LIST1.63","1.63","LIST",28-OCT-24
"LIST1.72-students","1.72-students","LIST",28-OCT-24
"LIST1.731_students-request","1.731_students-request","LIST",28-OCT-24
"LIST1.75","1.75","LIST",28-OCT-24
"LIST1.77","1.77","LIST",28-OCT-24
"LIST1.782","1.782","LIST",28-OCT-24
"LIST1.782-staff","1.782-staff","LIST",28-OCT-24
"LIST1.80","1.80","LIST",28-OCT-24
"LIST1.961-acl","1.961-acl","LIST",28-OCT-24
"LIST1.961-list","1.961-list","LIST",28-OCT-24
"LIST1.961-www","1.961-www","LIST",28-OCT-24
"LIST1.964","1.964","LIST",28-OCT-24
"LIST1.992","1.992","LIST",28-OCT-24
"LIST1.992gis","1.992gis","LIST",28-OCT-24
"LIST1.hydrodata","1.hydrodata","LIST",28-OCT-24
"LIST1.s993-www","1.s993-www","LIST",28-OCT-24
"LIST10.001","10.001","LIST",28-OCT-24
"LIST10.02j","10.02j","LIST",28-OCT-24
"LIST10.10","10.10","LIST",28-OCT-24
"LIST10.10-staff","10.10-staff","LIST",28-OCT-24
"LIST10.200-blankschtein-request","10.200-blankschtein-request","LIST",28-OCT-24
"LIST10.213","10.213","LIST",28-OCT-24
"LIST10.213_fall2004-request","10.213_fall2004-request","LIST",28-OCT-24
"LIST10.22","10.22","LIST",28-OCT-24
"LIST10.25","10.25","LIST",28-OCT-24
"LIST10.26_team7","10.26_team7","LIST",28-OCT-24
"LIST10.28","10.28","LIST",28-OCT-24
"LIST10.29","10.29","LIST",28-OCT-24
"LIST10.29team14","10.29team14","LIST",28-OCT-24
"LIST10.301","10.301","LIST",28-OCT-24
"LIST10.302","10.302","LIST",28-OCT-24
"LIST10.302-staff","10.302-staff","LIST",28-OCT-24
"LIST10.302group7","10.302group7","LIST",28-OCT-24
"LIST10.302_admin","10.302_admin","LIST",28-OCT-24
"LIST10.32","10.32","LIST",28-OCT-24
"LIST10.35s","10.35s","LIST",28-OCT-24
"LIST10.37","10.37","LIST",28-OCT-24
"LIST10.37-request","10.37-request","LIST",28-OCT-24
"LIST10.391j","10.391j","LIST",28-OCT-24
"LIST10.391j-students","10.391j-students","LIST",28-OCT-24
"LIST10.40","10.40","LIST",28-OCT-24
"LIST10.40-admin","10.40-admin","LIST",28-OCT-24
"LIST10.40-staff","10.40-staff","LIST",28-OCT-24
"LIST10.467","10.467","LIST",28-OCT-24
"LIST10.467-fall02-request","10.467-fall02-request","LIST",28-OCT-24
"LIST10.467mw","10.467mw","LIST",28-OCT-24
"LIST10.467tt","10.467tt","LIST",28-OCT-24
"LIST10.490team2","10.490team2","LIST",28-OCT-24
"LIST10.490team3","10.490team3","LIST",28-OCT-24
"LIST10.490team4","10.490team4","LIST",28-OCT-24
"LIST10.490team5","10.490team5","LIST",28-OCT-24
"LIST10.491-bcsp","10.491-bcsp","LIST",28-OCT-24
"LIST10.491-md","10.491-md","LIST",28-OCT-24
"LIST10.491-students-request","10.491-students-request","LIST",28-OCT-24
"LIST10.491iap","10.491iap","LIST",28-OCT-24
"LIST10.492","10.492","LIST",28-OCT-24
"LIST10.492-students-request","10.492-students-request","LIST",28-OCT-24
"LIST10.493","10.493","LIST",28-OCT-24
"LIST10.494","10.494","LIST",28-OCT-24
"LIST10.50","10.50","LIST",28-OCT-24
"LIST10.531","10.531","LIST",28-OCT-24
"LIST10.541","10.541","LIST",28-OCT-24
"LIST10.550","10.550","LIST",28-OCT-24
"LIST10.551","10.551","LIST",28-OCT-24
"LIST10.557","10.557","LIST",28-OCT-24
"LIST10.568","10.568","LIST",28-OCT-24
"LIST10.568-acl","10.568-acl","LIST",28-OCT-24
"LIST10.568_fall03-request","10.568_fall03-request","LIST",28-OCT-24
"LIST10.571","10.571","LIST",28-OCT-24
"LIST10.610","10.610","LIST",28-OCT-24
"LIST10.637-acl","10.637-acl","LIST",28-OCT-24
"LIST10.652-admin","10.652-admin","LIST",28-OCT-24
"LIST10.668","10.668","LIST",28-OCT-24
"LIST10.cpp","10.cpp","LIST",28-OCT-24
"LIST100-grp2","100-grp2","LIST",28-OCT-24
"LIST10000-leds","10000-leds","LIST",28-OCT-24
"LIST10000arch","10000arch","LIST",28-OCT-24
"LIST10000architects","10000architects","LIST",28-OCT-24
"LIST100k-2006-semifinalists","100k-2006-semifinalists","LIST",28-OCT-24
"LIST100k-admin","100k-admin","LIST",28-OCT-24
"LIST100k-aero-request","100k-aero-request","LIST",28-OCT-24
"LIST100kcx_vp","100kcx_vp","LIST",28-OCT-24
"LIST100kd","100kd","LIST",28-OCT-24
"LIST1028-allstaff-request","1028-allstaff-request","LIST",28-OCT-24
"LIST1028-cim","1028-cim","LIST",28-OCT-24
"LIST1028-devstaff-request","1028-devstaff-request","LIST",28-OCT-24
"LIST1028-faculty-request","1028-faculty-request","LIST",28-OCT-24
"LIST1028-student-request","1028-student-request","LIST",28-OCT-24
"LIST1028-t1-request","1028-t1-request","LIST",28-OCT-24
"LIST1028-t2-request","1028-t2-request","LIST",28-OCT-24
"LIST1028-t3-request","1028-t3-request","LIST",28-OCT-24
"LIST1028-t4-request","1028-t4-request","LIST",28-OCT-24
"LIST1028-t5-request","1028-t5-request","LIST",28-OCT-24
"LIST1028-t6-request","1028-t6-request","LIST",28-OCT-24
"LIST1028-ta-request","1028-ta-request","LIST",28-OCT-24
"LIST1028-techstaff-request","1028-techstaff-request","LIST",28-OCT-24
"LIST1028b-staff","1028b-staff","LIST",28-OCT-24
"LIST1028b-w3","1028b-w3","LIST",28-OCT-24
"LIST10302fall99","10302fall99","LIST",28-OCT-24
"LIST1031","1031","LIST",28-OCT-24
"LIST1031-soc","1031-soc","LIST",28-OCT-24
"LIST1034survey-request","1034survey-request","LIST",28-OCT-24
"LIST1040-tas","1040-tas","LIST",28-OCT-24
"LIST1040survey-request","1040survey-request","LIST",28-OCT-24
"LIST10467-request","10467-request","LIST",28-OCT-24
"LIST104spring03-request","104spring03-request","LIST",28-OCT-24
"LIST104staff-request","104staff-request","LIST",28-OCT-24
"LIST1050survey-request","1050survey-request","LIST",28-OCT-24
"LIST1065-request","1065-request","LIST",28-OCT-24
"LIST10a14","10a14","LIST",28-OCT-24
"LIST10bolts","10bolts","LIST",28-OCT-24
"LIST10k","10k","LIST",28-OCT-24
"LIST10x675-04-request","10x675-04-request","LIST",28-OCT-24
"LIST10_995","10_995","LIST",28-OCT-24
"LIST11-268-request","11-268-request","LIST",28-OCT-24
"LIST11-320-request","11-320-request","LIST",28-OCT-24
"LIST11-421","11-421","LIST",28-OCT-24
"LIST11-943","11-943","LIST",28-OCT-24
"LIST11-request","11-request","LIST",28-OCT-24
"LIST11.001j","11.001j","LIST",28-OCT-24
"LIST11.007","11.007","LIST",28-OCT-24
"LIST11.011","11.011","LIST",28-OCT-24
"LIST11.011class-request","11.011class-request","LIST",28-OCT-24
"LIST11.016","11.016","LIST",28-OCT-24
"LIST11.016j-staff","11.016j-staff","LIST",28-OCT-24
"LIST11.023-discuss-request","11.023-discuss-request","LIST",28-OCT-24
"LIST11.027","11.027","LIST",28-OCT-24
"LIST11.123-environment","11.123-environment","LIST",28-OCT-24
"LIST11.201","11.201","LIST",28-OCT-24
"LIST11.201-planning-action-request","11.201-planning-action-request","LIST",28-OCT-24
"LIST11.202","11.202","LIST",28-OCT-24
"LIST11.203","11.203","LIST",28-OCT-24
"LIST11.205","11.205","LIST",28-OCT-24
"LIST11.210","11.210","LIST",28-OCT-24
"LIST11.220-request","11.220-request","LIST",28-OCT-24
"LIST11.220staff","11.220staff","LIST",28-OCT-24
"LIST11.225-request","11.225-request","LIST",28-OCT-24
"LIST11.233-request","11.233-request","LIST",28-OCT-24
"LIST11.235-acl","11.235-acl","LIST",28-OCT-24
"LIST11.255","11.255","LIST",28-OCT-24
"LIST11.255-admin","11.255-admin","LIST",28-OCT-24
"LIST11.255-listadmin","11.255-listadmin","LIST",28-OCT-24
"LIST11.301","11.301","LIST",28-OCT-24
"LIST11.301j","11.301j","LIST",28-OCT-24
"LIST11.303-acl","11.303-acl","LIST",28-OCT-24
"LIST11.303-request","11.303-request","LIST",28-OCT-24
"LIST11.304-staff-request","11.304-staff-request","LIST",28-OCT-24
"LIST11.304-students-request","11.304-students-request","LIST",28-OCT-24
"LIST11.304j","11.304j","LIST",28-OCT-24
"LIST11.309j","11.309j","LIST",28-OCT-24
"LIST11.320","11.320","LIST",28-OCT-24
"LIST11.328-request","11.328-request","LIST",28-OCT-24
"LIST11.332","11.332","LIST",28-OCT-24
"LIST11.333","11.333","LIST",28-OCT-24
"LIST11.333-acl","11.333-acl","LIST",28-OCT-24
"LIST11.334-acl","11.334-acl","LIST",28-OCT-24
"LIST11.349","11.349","LIST",28-OCT-24
"LIST11.360","11.360","LIST",28-OCT-24
"LIST11.360-request","11.360-request","LIST",28-OCT-24
"LIST11.361","11.361","LIST",28-OCT-24
"LIST11.362-acl","11.362-acl","LIST",28-OCT-24
"LIST11.362-admin","11.362-admin","LIST",28-OCT-24
"LIST11.362chelsea","11.362chelsea","LIST",28-OCT-24
"LIST11.362palawan","11.362palawan","LIST",28-OCT-24
"LIST11.364","11.364","LIST",28-OCT-24
"LIST11.364-admin","11.364-admin","LIST",28-OCT-24
"LIST11.364-students","11.364-students","LIST",28-OCT-24
"LIST11.364fa08-fac-cs","11.364fa08-fac-cs","LIST",28-OCT-24
"LIST11.366-admin","11.366-admin","LIST",28-OCT-24
"LIST11.366staff","11.366staff","LIST",28-OCT-24
"LIST11.369","11.369","LIST",28-OCT-24
"LIST11.370","11.370","LIST",28-OCT-24
"LIST11.370-admin","11.370-admin","LIST",28-OCT-24
"LIST11.370-chelsea-request","11.370-chelsea-request","LIST",28-OCT-24
"LIST11.370-dot-request","11.370-dot-request","LIST",28-OCT-24
"LIST11.370-request","11.370-request","LIST",28-OCT-24
"LIST11.372","11.372","LIST",28-OCT-24
"LIST11.401-acl","11.401-acl","LIST",28-OCT-24
"LIST11.401-staff","11.401-staff","LIST",28-OCT-24
"LIST11.403","11.403","LIST",28-OCT-24
"LIST11.422-acl","11.422-acl","LIST",28-OCT-24
"LIST11.423-admin","11.423-admin","LIST",28-OCT-24
"LIST11.431j","11.431j","LIST",28-OCT-24
"LIST11.432j","11.432j","LIST",28-OCT-24
"LIST11.433","11.433","LIST",28-OCT-24
"LIST11.438","11.438","LIST",28-OCT-24
"LIST11.439staff","11.439staff","LIST",28-OCT-24
"LIST11.479","11.479","LIST",28-OCT-24
"LIST11.479planning","11.479planning","LIST",28-OCT-24
"LIST11.479planning-request","11.479planning-request","LIST",28-OCT-24
"LIST11.481","11.481","LIST",28-OCT-24
"LIST11.495-fall-2004-request","11.495-fall-2004-request","LIST",28-OCT-24
"LIST11.520-fa12","11.520-fa12","LIST",28-OCT-24
"LIST11.520staff","11.520staff","LIST",28-OCT-24
"LIST11.520_fall03-request","11.520_fall03-request","LIST",28-OCT-24
"LIST11.521staff","11.521staff","LIST",28-OCT-24
"LIST11.522-acl","11.522-acl","LIST",28-OCT-24
"LIST11.523","11.523","LIST",28-OCT-24
"LIST11.526","11.526","LIST",28-OCT-24
"LIST11.526staff","11.526staff","LIST",28-OCT-24
"LIST11.530","11.530","LIST",28-OCT-24
"LIST11.531","11.531","LIST",28-OCT-24
"LIST11.534","11.534","LIST",28-OCT-24
"LIST11.601fa08-fac-cs","11.601fa08-fac-cs","LIST",28-OCT-24
"LIST11.800","11.800","LIST",28-OCT-24
"LIST11.801students","11.801students","LIST",28-OCT-24
"LIST11.900","11.900","LIST",28-OCT-24
"LIST11.902","11.902","LIST",28-OCT-24
"LIST11.912","11.912","LIST",28-OCT-24
"LIST11.913","11.913","LIST",28-OCT-24
"LIST11.941j","11.941j","LIST",28-OCT-24
"LIST11.942staff","11.942staff","LIST",28-OCT-24
"LIST11.943-admin","11.943-admin","LIST",28-OCT-24
"LIST11.943-request","11.943-request","LIST",28-OCT-24
"LIST11.943j","11.943j","LIST",28-OCT-24
"LIST11.944-admin","11.944-admin","LIST",28-OCT-24
"LIST11.945-city-request","11.945-city-request","LIST",28-OCT-24
"LIST11.947-acl","11.947-acl","LIST",28-OCT-24
"LIST11.948","11.948","LIST",28-OCT-24
"LIST11.949","11.949","LIST",28-OCT-24
"LIST11.949-wtm","11.949-wtm","LIST",28-OCT-24
"LIST11.949faculty-request","11.949faculty-request","LIST",28-OCT-24
"LIST11.950-request","11.950-request","LIST",28-OCT-24
"LIST11.951-admin","11.951-admin","LIST",28-OCT-24
"LIST11.951-list","11.951-list","LIST",28-OCT-24
"LIST11.951-students","11.951-students","LIST",28-OCT-24
"LIST11.952","11.952","LIST",28-OCT-24
"LIST11.953","11.953","LIST",28-OCT-24
"LIST11.963","11.963","LIST",28-OCT-24
"LIST11.a22-staff","11.a22-staff","LIST",28-OCT-24
"LIST11.s188-www","11.s188-www","LIST",28-OCT-24
"LIST11.s938","11.s938","LIST",28-OCT-24
"LIST11.s942-staff","11.s942-staff","LIST",28-OCT-24
"LIST11.s947-www","11.s947-www","LIST",28-OCT-24
"LIST11.s951","11.s951","LIST",28-OCT-24
"LIST11.s956","11.s956","LIST",28-OCT-24
"LIST11.s958","11.s958","LIST",28-OCT-24
"LIST11.thgidrp-request","11.thgidrp-request","LIST",28-OCT-24
"LIST1102students","1102students","LIST",28-OCT-24
"LIST1125","1125","LIST",28-OCT-24
"LIST11471-07-request","11471-07-request","LIST",28-OCT-24
"LIST11949","11949","LIST",28-OCT-24
"LIST11949-39","11949-39","LIST",28-OCT-24
"LIST11a10","11a10","LIST",28-OCT-24
"LIST4.366","4.366","LIST",28-OCT-24
"LIST4.366-request","4.366-request","LIST",28-OCT-24
"LIST4.370","4.370","LIST",28-OCT-24
"LIST4.370-staff","4.370-staff","LIST",28-OCT-24
"LIST4.373","4.373","LIST",28-OCT-24
"LIST4.390","4.390","LIST",28-OCT-24
"LIST4.395","4.395","LIST",28-OCT-24
"LIST4.395-request","4.395-request","LIST",28-OCT-24
"LIST4.396","4.396","LIST",28-OCT-24
"LIST4.397","4.397","LIST",28-OCT-24
"LIST4.401-acl-request","4.401-acl-request","LIST",28-OCT-24
"LIST4.405-request","4.405-request","LIST",28-OCT-24
"LIST4.405cm-request","4.405cm-request","LIST",28-OCT-24
"LIST4.411","4.411","LIST",28-OCT-24
"LIST4.411-acl","4.411-acl","LIST",28-OCT-24
"LIST4.411-request","4.411-request","LIST",28-OCT-24
"LIST4.411-students-request","4.411-students-request","LIST",28-OCT-24
"LIST4.411class-request","4.411class-request","LIST",28-OCT-24
"LIST4.42","4.42","LIST",28-OCT-24
"LIST4.424-admin","4.424-admin","LIST",28-OCT-24
"LIST4.424-request","4.424-request","LIST",28-OCT-24
"LIST4.425-admin","4.425-admin","LIST",28-OCT-24
"LIST4.427j","4.427j","LIST",28-OCT-24
"LIST4.42j","4.42j","LIST",28-OCT-24
"LIST4.42jclass-request","4.42jclass-request","LIST",28-OCT-24
"LIST4.440-spring04-request","4.440-spring04-request","LIST",28-OCT-24
"LIST4.442-acl","4.442-acl","LIST",28-OCT-24
"LIST4.442-request","4.442-request","LIST",28-OCT-24
"LIST4.442class-request","4.442class-request","LIST",28-OCT-24
"LIST4.455-students-request","4.455-students-request","LIST",28-OCT-24
"LIST4.461-request","4.461-request","LIST",28-OCT-24
"LIST4.464","4.464","LIST",28-OCT-24
"LIST4.465-www","4.465-www","LIST",28-OCT-24
"LIST4.481","4.481","LIST",28-OCT-24
"LIST4.493","4.493","LIST",28-OCT-24
"LIST4.497","4.497","LIST",28-OCT-24
"LIST4.502","4.502","LIST",28-OCT-24
"LIST4.553","4.553","LIST",28-OCT-24
"LIST4.560staff","4.560staff","LIST",28-OCT-24
"LIST4.561","4.561","LIST",28-OCT-24
"LIST4.562-www","4.562-www","LIST",28-OCT-24
"LIST4.583-acl","4.583-acl","LIST",28-OCT-24
"LIST4.599","4.599","LIST",28-OCT-24
"LIST4.601-www","4.601-www","LIST",28-OCT-24
"LIST4.602mamc","4.602mamc","LIST",28-OCT-24
"LIST4.605","4.605","LIST",28-OCT-24
"LIST4.605-staff","4.605-staff","LIST",28-OCT-24
"LIST4.605x-www","4.605x-www","LIST",28-OCT-24
"LIST4.605xf14","4.605xf14","LIST",28-OCT-24
"LIST4.606","4.606","LIST",28-OCT-24
"LIST4.607","4.607","LIST",28-OCT-24
"LIST4.614","4.614","LIST",28-OCT-24
"LIST4.619","4.619","LIST",28-OCT-24
"LIST4.623","4.623","LIST",28-OCT-24
"LIST4.640","4.640","LIST",28-OCT-24
"LIST4.645-admin","4.645-admin","LIST",28-OCT-24
"LIST4.651","4.651","LIST",28-OCT-24
"LIST4.651-owner","4.651-owner","LIST",28-OCT-24
"LIST4.656-students","4.656-students","LIST",28-OCT-24
"LIST4.a10","4.a10","LIST",28-OCT-24
"LIST4.a16","4.a16","LIST",28-OCT-24
"LIST4.s27","4.s27","LIST",28-OCT-24
"LIST4.s52","4.s52","LIST",28-OCT-24
"LIST40-year-request","40-year-request","LIST",28-OCT-24
"LIST401k_oversight_committee","401k_oversight_committee","LIST",28-OCT-24
"LIST405memorialquestions","405memorialquestions","LIST",28-OCT-24
"LIST407memorialquestions","407memorialquestions","LIST",28-OCT-24
"LIST4104-request","4104-request","LIST",28-OCT-24
"LIST4104-ta-request","4104-ta-request","LIST",28-OCT-24
"LIST4104_staff","4104_staff","LIST",28-OCT-24
"LIST41w","41w","LIST",28-OCT-24
"LIST41w-2018ers","41w-2018ers","LIST",28-OCT-24
"LIST41w-21","41w-21","LIST",28-OCT-24
"LIST41w-admin","41w-admin","LIST",28-OCT-24
"LIST41w-horny-loveseats","41w-horny-loveseats","LIST",28-OCT-24
"LIST41w-loveseats","41w-loveseats","LIST",28-OCT-24
"LIST41w-residents","41w-residents","LIST",28-OCT-24
"LIST41w-server","41w-server","LIST",28-OCT-24
"LIST4210forum","4210forum","LIST",28-OCT-24
"LIST4290-request","4290-request","LIST",28-OCT-24
"LIST42v-admin","42v-admin","LIST",28-OCT-24
"LIST43-davenport","43-davenport","LIST",28-OCT-24
"LIST4301houseofcards","4301houseofcards","LIST",28-OCT-24
"LIST4301_spring2012","4301_spring2012","LIST",28-OCT-24
"LIST430midterm","430midterm","LIST",28-OCT-24
"LIST4314-leist","4314-leist","LIST",28-OCT-24
"LIST433natives","433natives","LIST",28-OCT-24
"LIST4341-sp03","4341-sp03","LIST",28-OCT-24
"LIST4366-www","4366-www","LIST",28-OCT-24
"LIST4400","4400","LIST",28-OCT-24
"LIST44columbia","44columbia","LIST",28-OCT-24
"LIST4510fab2012","4510fab2012","LIST",28-OCT-24
"LIST4516","4516","LIST",28-OCT-24
"LIST46crew","46crew","LIST",28-OCT-24
"LIST46maintenance","46maintenance","LIST",28-OCT-24
"LIST46staffappreciation-request","46staffappreciation-request","LIST",28-OCT-24
"LIST477research","477research","LIST",28-OCT-24
"LIST479summer","479summer","LIST",28-OCT-24
"LIST48cottage","48cottage","LIST",28-OCT-24
"LIST48pearl-admins","48pearl-admins","LIST",28-OCT-24
"LIST495res","495res","LIST",28-OCT-24
"LIST4a10","4a10","LIST",28-OCT-24
"LIST4a20-staff","4a20-staff","LIST",28-OCT-24
"LIST4a22","4a22","LIST",28-OCT-24
"LIST4am-quad","4am-quad","LIST",28-OCT-24
"LIST4change-www","4change-www","LIST",28-OCT-24
"LIST4community-www","4community-www","LIST",28-OCT-24
"LIST4e-115","4e-115","LIST",28-OCT-24
"LIST4e-assassin-2012","4e-assassin-2012","LIST",28-OCT-24
"LIST4e-at-macg","4e-at-macg","LIST",28-OCT-24
"LIST4e-bootcamp","4e-bootcamp","LIST",28-OCT-24
"LIST4e-chairs","4e-chairs","LIST",28-OCT-24
"LIST4e-chairs-and-summerra","4e-chairs-and-summerra","LIST",28-OCT-24
"LIST4e-chairs-discuss","4e-chairs-discuss","LIST",28-OCT-24
"LIST4e-chocolate","4e-chocolate","LIST",28-OCT-24
"LIST4e-ec-summer15","4e-ec-summer15","LIST",28-OCT-24
"LIST4e-fanfic-editors","4e-fanfic-editors","LIST",28-OCT-24
"LIST4e-fireplace-comm","4e-fireplace-comm","LIST",28-OCT-24
"LIST4e-frisbee","4e-frisbee","LIST",28-OCT-24
"LIST4e-goodale","4e-goodale","LIST",28-OCT-24
"LIST4e-guild-game","4e-guild-game","LIST",28-OCT-24
"LIST4e-kitchen","4e-kitchen","LIST",28-OCT-24
"LIST4e-medlinks","4e-medlinks","LIST",28-OCT-24
"LIST4e-summer-18","4e-summer-18","LIST",28-OCT-24
"LIST4e-summer-19","4e-summer-19","LIST",28-OCT-24
"LIST4e-summer-bros","4e-summer-bros","LIST",28-OCT-24
"LIST4e-toolcomm","4e-toolcomm","LIST",28-OCT-24
"LIST4e-veggies","4e-veggies","LIST",28-OCT-24
"LIST4e_2012","4e_2012","LIST",28-OCT-24
"LIST4e_alums","4e_alums","LIST",28-OCT-24
"LIST4hnc","4hnc","LIST",28-OCT-24
"LIST4hnc-tea","4hnc-tea","LIST",28-OCT-24
"LIST4narche","4narche","LIST",28-OCT-24
"LIST4rc-cabinet","4rc-cabinet","LIST",28-OCT-24
"LIST4th-floor-random-hall","4th-floor-random-hall","LIST",28-OCT-24
"LIST4th-ware-amone","4th-ware-amone","LIST",28-OCT-24
"LIST4thhnc","4thhnc","LIST",28-OCT-24
"LIST4thhnc-acl","4thhnc-acl","LIST",28-OCT-24
"LIST4thhnc-request","4thhnc-request","LIST",28-OCT-24
"LIST4thhnc07","4thhnc07","LIST",28-OCT-24
"LIST4thphloor","4thphloor","LIST",28-OCT-24
"LIST4w-chairs","4w-chairs","LIST",28-OCT-24
"LIST4w-mccormick","4w-mccormick","LIST",28-OCT-24
"LIST5.03","5.03","LIST",28-OCT-24
"LIST5.04","5.04","LIST",28-OCT-24
"LIST5.061","5.061","LIST",28-OCT-24
"LIST5.062","5.062","LIST",28-OCT-24
"LIST5.068","5.068","LIST",28-OCT-24
"LIST5.07","5.07","LIST",28-OCT-24
"LIST5.071j","5.071j","LIST",28-OCT-24
"LIST5.08_secure-request","5.08_secure-request","LIST",28-OCT-24
"LIST5.11","5.11","LIST",28-OCT-24
"LIST5.111","5.111","LIST",28-OCT-24
"LIST5.112","5.112","LIST",28-OCT-24
"LIST5.11ta","5.11ta","LIST",28-OCT-24
"LIST5.11x-esg","5.11x-esg","LIST",28-OCT-24
"LIST5.12","5.12","LIST",28-OCT-24
"LIST5.12-staff","5.12-staff","LIST",28-OCT-24
"LIST5.12-ta","5.12-ta","LIST",28-OCT-24
"LIST5.13","5.13","LIST",28-OCT-24
"LIST5.21","5.21","LIST",28-OCT-24
"LIST5.22","5.22","LIST",28-OCT-24
"LIST5.22-clinical-request","5.22-clinical-request","LIST",28-OCT-24
"LIST5.22-ethics-request","5.22-ethics-request","LIST",28-OCT-24
"LIST16.511","16.511","LIST",28-OCT-24
"LIST16.512","16.512","LIST",28-OCT-24
"LIST16.522-admin","16.522-admin","LIST",28-OCT-24
"LIST16.53","16.53","LIST",28-OCT-24
"LIST16.540-request","16.540-request","LIST",28-OCT-24
"LIST16.600","16.600","LIST",28-OCT-24
"LIST16.621-acl","16.621-acl","LIST",28-OCT-24
"LIST16.622_alum-request","16.622_alum-request","LIST",28-OCT-24
"LIST16.62xa-request","16.62xa-request","LIST",28-OCT-24
"LIST16.682-request","16.682-request","LIST",28-OCT-24
"LIST16.684-writing","16.684-writing","LIST",28-OCT-24
"LIST16.810","16.810","LIST",28-OCT-24
"LIST16.810-acl","16.810-acl","LIST",28-OCT-24
"LIST16.812faculty","16.812faculty","LIST",28-OCT-24
"LIST16.82","16.82","LIST",28-OCT-24
"LIST16.82-admin","16.82-admin","LIST",28-OCT-24
"LIST16.82-bernoulli","16.82-bernoulli","LIST",28-OCT-24
"LIST16.82-faculty","16.82-faculty","LIST",28-OCT-24
"LIST16.82-fsj-request","16.82-fsj-request","LIST",28-OCT-24
"LIST16.82-instructors-request","16.82-instructors-request","LIST",28-OCT-24
"LIST16.82-redteam","16.82-redteam","LIST",28-OCT-24
