"POSTAL_CODE","CITY_NAME","CITY_TYPE","PROVINCE_ABBR","PROVINCE_NAME","WAREHOUSE_LOAD_DATE"
"A0G 4P0","Wareham-Centreville","D","NL","Newfoundland",25-MAY-23
"A0G 4R0","Wesleyville","D","NL","Newfoundland",25-MAY-23
"A0G 4S0","Valley Pond","D","NL","Newfoundland",25-MAY-23
"A0G 4T0","Wings Point","D","NL","Newfoundland",25-MAY-23
"A0H 0A1","Pools Cove","D","NL","Newfoundland",25-MAY-23
"A0H 0A2","Belleoram","D","NL","Newfoundland",25-MAY-23
"A0H 0A3","Peterview","D","NL","Newfoundland",25-MAY-23
"A0H 0A4","Harbour Breton","D","NL","Newfoundland",25-MAY-23
"A0H 0A5","English Harbour West","D","NL","Newfoundland",25-MAY-23
"A0H 0A6","St Albans","D","NL","Newfoundland",25-MAY-23
"A0H 0A7","Hermitage","D","NL","Newfoundland",25-MAY-23
"A0H 0A8","Milltown","D","NL","Newfoundland",25-MAY-23
"A0H 0A9","Conne River","D","NL","Newfoundland",25-MAY-23
"A0H 0B1","Botwood","D","NL","Newfoundland",25-MAY-23
"A0H 0B2","Bishops Falls","D","NL","Newfoundland",25-MAY-23
"A0H 0B3","Leading Tickles","D","NL","Newfoundland",25-MAY-23
"A0H 0B4","Millertown","D","NL","Newfoundland",25-MAY-23
"A0H 0B5","Head Bay d'Espoir","D","NL","Newfoundland",25-MAY-23
"A0H 0B6","Buchans","D","NL","Newfoundland",25-MAY-23
"A0H 0B7","Badger","D","NL","Newfoundland",25-MAY-23
"A0H 0B8","Gaultois","D","NL","Newfoundland",25-MAY-23
"A0H 0B9","McCallum","D","NL","Newfoundland",25-MAY-23
"A0H 0C1","Point Leamington","D","NL","Newfoundland",25-MAY-23
"A0H 0C2","Seal Cove FB","D","NL","Newfoundland",25-MAY-23
"A0H 0C3","Rencontre East","D","NL","Newfoundland",25-MAY-23
"A0H 1A0","Badger","D","NL","Newfoundland",25-MAY-23
"A0H 1B0","Belleoram","D","NL","Newfoundland",25-MAY-23
"A0H 1C0","Bishops Falls","D","NL","Newfoundland",25-MAY-23
"A0H 1E0","Botwood","D","NL","Newfoundland",25-MAY-23
"A0H 1G0","Buchans","D","NL","Newfoundland",25-MAY-23
"A0H 1H0","Buchans Junction","D","NL","Newfoundland",25-MAY-23
"A0H 1J0","Conne River","D","NL","Newfoundland",25-MAY-23
"A0H 1L0","Cottrells Cove","D","NL","Newfoundland",25-MAY-23
"A0H 1M0","English Harbour West","D","NL","Newfoundland",25-MAY-23
"A0H 1N0","Gaultois","D","NL","Newfoundland",25-MAY-23
"A0H 1P0","Harbour Breton","D","NL","Newfoundland",25-MAY-23
"A0H 1R0","Head Bay d'Espoir","D","NL","Newfoundland",25-MAY-23
"A0H 1S0","Hermitage","D","NL","Newfoundland",25-MAY-23
"A0H 1T0","Leading Tickles","D","NL","Newfoundland",25-MAY-23
"A0H 1V0","Millertown","D","NL","Newfoundland",25-MAY-23
"A0H 1W0","Milltown","D","NL","Newfoundland",25-MAY-23
"A0H 1Y0","Peterview","D","NL","Newfoundland",25-MAY-23
"A0H 1Z0","Point Leamington","D","NL","Newfoundland",25-MAY-23
"A0H 2A0","Point of Bay","D","NL","Newfoundland",25-MAY-23
"A0H 2B0","Pools Cove","D","NL","Newfoundland",25-MAY-23
"A0H 2C0","Rencontre East","D","NL","Newfoundland",25-MAY-23
"A0H 2E0","St Albans","D","NL","Newfoundland",25-MAY-23
"A0H 2G0","Seal Cove FB","D","NL","Newfoundland",25-MAY-23
"A0H 2J0","McCallum","D","NL","Newfoundland",25-MAY-23
"A0J 0A1","Brighton","D","NL","Newfoundland",25-MAY-23
"A0J 0A2","Pilleys Island","D","NL","Newfoundland",25-MAY-23
"A0J 0A3","South Brook GB","D","NL","Newfoundland",25-MAY-23
"A0J 0A4","Little Bay NDB","D","NL","Newfoundland",25-MAY-23
"A0J 0A5","Kings Point","D","NL","Newfoundland",25-MAY-23
"A0J 0A6","Springdale","D","NL","Newfoundland",25-MAY-23
"A0J 0A7","Roberts Arm","D","NL","Newfoundland",25-MAY-23
"A0J 0A8","Triton","D","NL","Newfoundland",25-MAY-23
"A0J 0A9","Beaumont","D","NL","Newfoundland",25-MAY-23
"A0J 0B1","Little Bay Islands","D","NL","Newfoundland",25-MAY-23
"A0J 0B2","Miles Cove","D","NL","Newfoundland",25-MAY-23
"A0J 1A0","Beaumont","D","NL","Newfoundland",25-MAY-23
"A0J 1B0","Brighton","D","NL","Newfoundland",25-MAY-23
"A0J 1E0","Harrys Harbour","D","NL","Newfoundland",25-MAY-23
"A0J 1G0","Jacksons Cove","D","NL","Newfoundland",25-MAY-23
"A0J 1H0","Kings Point","D","NL","Newfoundland",25-MAY-23
"A0J 1J0","Little Bay NDB","D","NL","Newfoundland",25-MAY-23
"A0J 1K0","Little Bay Islands","D","NL","Newfoundland",25-MAY-23
"A0J 1L0","Miles Cove","D","NL","Newfoundland",25-MAY-23
"A0J 1M0","Pilleys Island","D","NL","Newfoundland",25-MAY-23
"A0J 1N0","Port Anson","D","NL","Newfoundland",25-MAY-23
"A0J 1P0","Rattling Brook","D","NL","Newfoundland",25-MAY-23
"A0J 1R0","Roberts Arm","D","NL","Newfoundland",25-MAY-23
"A0J 1S0","South Brook GB","D","NL","Newfoundland",25-MAY-23
"A0J 1T0","Beachside","A","NL","Newfoundland",25-MAY-23
"A0J 1T0","Springdale","D","NL","Newfoundland",25-MAY-23
"A0J 1V0","Triton","D","NL","Newfoundland",25-MAY-23
"A0K 0A1","Conche","D","NL","Newfoundland",25-MAY-23
"A0K 0A2","Flowers Cove","D","NL","Newfoundland",25-MAY-23
"A0K 0A3","Hampden","D","NL","Newfoundland",25-MAY-23
"A0K 0A4","Harbour Round","D","NL","Newfoundland",25-MAY-23
"A0K 0A5","Raleigh","D","NL","Newfoundland",25-MAY-23
"A0K 0A6","Rocky Harbour","D","NL","Newfoundland",25-MAY-23
"A0K 0A7","Forteau","D","NL","Newfoundland",25-MAY-23
"A0K 0A8","Birchy Head","D","NL","Newfoundland",25-MAY-23
"A0K 0A9","Baie Verte","D","NL","Newfoundland",25-MAY-23
"A0K 0B1","Englee","D","NL","Newfoundland",25-MAY-23
"A0K 0B2","Fleur de Lys","D","NL","Newfoundland",25-MAY-23
"A0K 0B3","St Lewis","D","NL","Newfoundland",25-MAY-23
"A0K 0B4","Woodstock","D","NL","Newfoundland",25-MAY-23
"A0K 0B5","Black Tickle","D","NL","Newfoundland",25-MAY-23
"A0K 0B6","Port au Choix","D","NL","Newfoundland",25-MAY-23
"A0K 0B7","Roddickton","D","NL","Newfoundland",25-MAY-23
"A0K 0B8","Shoe Cove","D","NL","Newfoundland",25-MAY-23
"A0K 0B9","Sops Arm","D","NL","Newfoundland",25-MAY-23
"A0K 0C1","Charlottetown LAB","D","NL","Newfoundland",25-MAY-23
"A0K 0C2","Sandy Cove","D","NL","Newfoundland",25-MAY-23
"A0K 0C3","Brents Cove","D","NL","Newfoundland",25-MAY-23
"A0K 0C4","Cow Head","D","NL","Newfoundland",25-MAY-23
"A0K 0C5","Seal Cove WB","D","NL","Newfoundland",25-MAY-23
"A0K 0C6","Black Duck Cove","D","NL","Newfoundland",25-MAY-23
"A0K 0C7","Daniels Harbour","D","NL","Newfoundland",25-MAY-23
"A0K 0C8","Marys Harbour","D","NL","Newfoundland",25-MAY-23
"A0K 0C9","Port Hope Simpson","D","NL","Newfoundland",25-MAY-23
"A0K 0E1","Mings Bight","D","NL","Newfoundland",25-MAY-23
"A0K 0E2","Middle Arm GB","D","NL","Newfoundland",25-MAY-23
"A0K 0E3","Hawkes Bay","D","NL","Newfoundland",25-MAY-23
"A0K 0E4","Bellburns","D","NL","Newfoundland",25-MAY-23
"A0K 0E5","Plum Point","D","NL","Newfoundland",25-MAY-23
"A0K 0E6","La Scie","D","NL","Newfoundland",25-MAY-23
"A0K 0E7","Portland Creek","D","NL","Newfoundland",25-MAY-23
"A0K 0E8","Port Saunders","D","NL","Newfoundland",25-MAY-23
"A0K 0E9","Reefs Harbour","D","NL","Newfoundland",25-MAY-23
"A0K 0G1","St Anthony East","D","NL","Newfoundland",25-MAY-23
"A0A 0A1","Avondale","D","NL","Newfoundland",25-MAY-23
"A0A 0A2","Holyrood","D","NL","Newfoundland",25-MAY-23
"A0A 0A3","Trepassey","D","NL","Newfoundland",25-MAY-23
"A0A 0A4","South River","D","NL","Newfoundland",25-MAY-23
"A0A 0A5","Northern Bay","D","NL","Newfoundland",25-MAY-23
"A0A 0A6","Clarkes Beach","D","NL","Newfoundland",25-MAY-23
"A0A 0A7","Conception Harbour","D","NL","Newfoundland",25-MAY-23
"A0A 0A8","Harbour Main","D","NL","Newfoundland",25-MAY-23
"A0A 0A9","Jobs Cove","D","NL","Newfoundland",25-MAY-23
"A0A 0B1","St Shotts","D","NL","Newfoundland",25-MAY-23
"A0A 0B2","Cape Broyle","D","NL","Newfoundland",25-MAY-23
"A0A 0B3","Aquaforte","D","NL","Newfoundland",25-MAY-23
"A0A 0B4","Colliers Riverhead","D","NL","Newfoundland",25-MAY-23
"A0A 0B5","Fermeuse","D","NL","Newfoundland",25-MAY-23
"A0A 0B6","Petty Harbour","D","NL","Newfoundland",25-MAY-23
"A0A 0B7","Western Bay","D","NL","Newfoundland",25-MAY-23
"A0A 0B8","Broad Cove Bdv","D","NL","Newfoundland",25-MAY-23
"A0A 0B9","Burnt Point Bdv","D","NL","Newfoundland",25-MAY-23
"A0A 0C1","Pouch Cove","D","NL","Newfoundland",25-MAY-23
"A0A 0C2","Red Head Cove","D","NL","Newfoundland",25-MAY-23
"A0A 0C3","Ferryland","D","NL","Newfoundland",25-MAY-23
"A0A 0C4","Bay Bulls","D","NL","Newfoundland",25-MAY-23
"A0A 0C5","Bay Roberts","D","NL","Newfoundland",25-MAY-23
"A0A 0C6","Bell Island","D","NL","Newfoundland",25-MAY-23
"A0A 0C7","Coleys Point South","D","NL","Newfoundland",25-MAY-23
"A0A 0C8","Makinsons","D","NL","Newfoundland",25-MAY-23
"A0A 0C9","Harbour Grace","D","NL","Newfoundland",25-MAY-23
"A0A 0E1","Lower Island Cove","D","NL","Newfoundland",25-MAY-23
"A0A 0E2","Port de Grave","D","NL","Newfoundland",25-MAY-23
"A0A 0E3","Renews","D","NL","Newfoundland",25-MAY-23
"A0A 0E4","Victoria Cb","D","NL","Newfoundland",25-MAY-23
"A0A 0E5","Spaniards Bay","D","NL","Newfoundland",25-MAY-23
"A0A 0E6","Bay de Verde","D","NL","Newfoundland",25-MAY-23
"A0A 0E7","Bell Island Front","D","NL","Newfoundland",25-MAY-23
"A0A 0E8","Brigus","D","NL","Newfoundland",25-MAY-23
"A0A 0E9","Grates Cove","D","NL","Newfoundland",25-MAY-23
"A0A 0G1","Upper Island Cove","D","NL","Newfoundland",25-MAY-23
"A0A 0G2","Witless Bay","D","NL","Newfoundland",25-MAY-23
"A0A 0G3","Woodfords","D","NL","Newfoundland",25-MAY-23
"A0A 0G4","Cupids","D","NL","Newfoundland",25-MAY-23
"A0A 0G5","Calvert","D","NL","Newfoundland",25-MAY-23
"A0A 0G6","Tors Cove","D","NL","Newfoundland",25-MAY-23
"A0A 0G7","Cappahayden","D","NL","Newfoundland",25-MAY-23
"A0A 0G8","Old Perlican","D","NL","Newfoundland",25-MAY-23
"A0A 0G9","Shea Heights","D","NL","Newfoundland",25-MAY-23
"A0A 0H1","Riverhead Harbour Grace","D","NL","Newfoundland",25-MAY-23
"A0A 1A0","Aquaforte","D","NL","Newfoundland",25-MAY-23
"A0A 1B0","Avondale","D","NL","Newfoundland",25-MAY-23
"A0A 1C0","Bay Bulls","D","NL","Newfoundland",25-MAY-23
"A0A 1E0","Bay de Verde","D","NL","Newfoundland",25-MAY-23
"A0A 1G0","Bay Roberts","D","NL","Newfoundland",25-MAY-23
"A0A 1H0","Bell Island Front","D","NL","Newfoundland",25-MAY-23
"A0A 1J0","Shea Heights","A","NL","Newfoundland",25-MAY-23
"A0A 1J0","St. John's","D","NL","Newfoundland",25-MAY-23
"A0A 1K0","Brigus","D","NL","Newfoundland",25-MAY-23
"A0A 1L0","Broad Cove Bdv","D","NL","Newfoundland",25-MAY-23
"A0A 1M0","Burnt Point Bdv","D","NL","Newfoundland",25-MAY-23
"A0A 1N0","Calvert","D","NL","Newfoundland",25-MAY-23
"A0A 1P0","Cape Broyle","D","NL","Newfoundland",25-MAY-23
"A0A 1R0","Caplin Cove Bdv","D","NL","Newfoundland",25-MAY-23
"A0A 1S0","Cappahayden","D","NL","Newfoundland",25-MAY-23
"A0A 1V0","Chapel Cove","D","NL","Newfoundland",25-MAY-23
"A0A 1W0","Clarkes Beach","D","NL","Newfoundland",25-MAY-23
"A0A 1X0","Coleys Point South","D","NL","Newfoundland",25-MAY-23
"A0A 1Y0","Colliers Riverhead","D","NL","Newfoundland",25-MAY-23
"A0A 1Z0","Conception Harbour","D","NL","Newfoundland",25-MAY-23
"A0A 2B0","Cupids","D","NL","Newfoundland",25-MAY-23
"A0A 2G0","Fermeuse","D","NL","Newfoundland",25-MAY-23
"A0A 2H0","Ferryland","D","NL","Newfoundland",25-MAY-23
"A0A 2L0","Grates Cove","D","NL","Newfoundland",25-MAY-23
"A0A 2M0","Harbour Grace","D","NL","Newfoundland",25-MAY-23
"A0A 2N0","Harbour Grace South","D","NL","Newfoundland",25-MAY-23
"A0A 2P0","Harbour Main","D","NL","Newfoundland",25-MAY-23
"A0A 2R0","Holyrood","D","NL","Newfoundland",25-MAY-23
"A0A 2S0","Jobs Cove","D","NL","Newfoundland",25-MAY-23
"A0A 2W0","Lower Island Cove","D","NL","Newfoundland",25-MAY-23
"A0A 2X0","Makinsons","D","NL","Newfoundland",25-MAY-23
"A0A 2Z0","Marysvale","D","NL","Newfoundland",25-MAY-23
"A0A 3A0","Mobile","D","NL","Newfoundland",25-MAY-23
"A0A 3B0","Northern Bay","D","NL","Newfoundland",25-MAY-23
"A0A 3C0","North River","D","NL","Newfoundland",25-MAY-23
"A0A 3E0","Ochre Pit Cove","D","NL","Newfoundland",25-MAY-23
"A0A 3G0","Old Perlican","D","NL","Newfoundland",25-MAY-23
"A0A 3H0","Petty Harbour","D","NL","Newfoundland",25-MAY-23
"A0A 3J0","Port de Grave","D","NL","Newfoundland",25-MAY-23
"A0A 3L0","Pouch Cove","D","NL","Newfoundland",25-MAY-23
"A0A 3M0","Red Head Cove","D","NL","Newfoundland",25-MAY-23
"A0A 3N0","Renews","D","NL","Newfoundland",25-MAY-23
"A0A 3P0","Riverhead Harbour Grace","D","NL","Newfoundland",25-MAY-23
"A0A 3R0","St Shotts","D","NL","Newfoundland",25-MAY-23
"A0A 3S0","Salmon Cove Bdv","D","NL","Newfoundland",25-MAY-23
"A0A 3V0","Shearstown","D","NL","Newfoundland",25-MAY-23
"A0A 3W0","South River","D","NL","Newfoundland",25-MAY-23
"A0A 3X0","Spaniards Bay","D","NL","Newfoundland",25-MAY-23
"A0A 3X1","Spaniards Bay","D","NL","Newfoundland",25-MAY-23
"A0A 4A0","Tors Cove","D","NL","Newfoundland",25-MAY-23
"A0A 4B0","Trepassey","D","NL","Newfoundland",25-MAY-23
"A0A 4E0","Upper Island Cove","D","NL","Newfoundland",25-MAY-23
"A0A 4G0","Victoria Cb","D","NL","Newfoundland",25-MAY-23
"A0A 4H0","Bell Island","D","NL","Newfoundland",25-MAY-23
"A0A 4J0","Western Bay","D","NL","Newfoundland",25-MAY-23
"A0A 4K0","Witless Bay","D","NL","Newfoundland",25-MAY-23
"A0A 4L0","Woodfords","D","NL","Newfoundland",25-MAY-23
"A0B 0A1","Chance Cove","D","NL","Newfoundland",25-MAY-23
"A0B 0A2","Come by Chance","D","NL","Newfoundland",25-MAY-23
"A0B 0A3","Dildo","D","NL","Newfoundland",25-MAY-23
"A0B 0A4","Winterton","D","NL","Newfoundland",25-MAY-23
"A0B 0A5","Bellevue","D","NL","Newfoundland",25-MAY-23
"A0B 0A6","Heart's Content","D","NL","Newfoundland",25-MAY-23
"A0B 0A7","Brigus Junction","D","NL","Newfoundland",25-MAY-23
"A0B 0A8","Branch","D","NL","Newfoundland",25-MAY-23
"A0B 0A9","Brownsdale","D","NL","Newfoundland",25-MAY-23
"A0B 0B1","Cavendish","D","NL","Newfoundland",25-MAY-23
"A0B 0B2","Freshwater PB","D","NL","Newfoundland",25-MAY-23
"A0B 0B3","Jerseyside","D","NL","Newfoundland",25-MAY-23
"A0B 0B4","Long Harbour","D","NL","Newfoundland",25-MAY-23
"A0B 0B5","St Brides","D","NL","Newfoundland",25-MAY-23
"A0B 0B6","Chapel Arm","D","NL","Newfoundland",25-MAY-23
"A0B 0B7","Fair Haven","D","NL","Newfoundland",25-MAY-23
"A0B 0B8","Greens Harbour","D","NL","Newfoundland",25-MAY-23
"A0B 0B9","Placentia","D","NL","Newfoundland",25-MAY-23
"A0B 0C1","Sunnyside","D","NL","Newfoundland",25-MAY-23
"A0B 0C2","Whitbourne","D","NL","Newfoundland",25-MAY-23
"A0B 0C3","Arnolds Cove","D","NL","Newfoundland",25-MAY-23
"A0B 0C4","St Vincents","D","NL","Newfoundland",25-MAY-23
"A0B 0C5","Ship Harbour PB","D","NL","Newfoundland",25-MAY-23
"A0B 0C6","Colinet","D","NL","Newfoundland",25-MAY-23
"A0B 0C7","Mount Carmel","D","NL","Newfoundland",25-MAY-23
"A0B 0C8","New Harbour TB","D","NL","Newfoundland",25-MAY-23
"A0B 0C9","Southern Harbour PB","D","NL","Newfoundland",25-MAY-23
"A0B 0E1","Blaketown","D","NL","Newfoundland",25-MAY-23
"A0B 0E2","Normans Cove","D","NL","Newfoundland",25-MAY-23
"A0B 0E3","St Marys","D","NL","Newfoundland",25-MAY-23
"A0B 0E4","Hopeall","D","NL","Newfoundland",25-MAY-23
"A0B 0E5","Whiteway","D","NL","Newfoundland",25-MAY-23
"A0B 0E6","Dunville","D","NL","Newfoundland",25-MAY-23
"A0B 0E7","Hants Harbour","D","NL","Newfoundland",25-MAY-23
"A0B 0E8","Islington","D","NL","Newfoundland",25-MAY-23
"A0B 0E9","Fox Harbour PB","D","NL","Newfoundland",25-MAY-23
"A0B 1A0","Arnolds Cove","D","NL","Newfoundland",25-MAY-23
"A0B 1B0","Bellevue","D","NL","Newfoundland",25-MAY-23
"A0B 1C0","Blaketown","D","NL","Newfoundland",25-MAY-23
"A0B 1E0","Branch","D","NL","Newfoundland",25-MAY-23
"A0B 1G0","Brigus Junction","D","NL","Newfoundland",25-MAY-23
"A0B 1H0","Brownsdale","D","NL","Newfoundland",25-MAY-23
"A0B 1J0","Cavendish","D","NL","Newfoundland",25-MAY-23
"A0B 1K0","Chance Cove","D","NL","Newfoundland",25-MAY-23
"A0B 1L0","Chapel Arm","D","NL","Newfoundland",25-MAY-23
"A0B 1M0","Colinet","D","NL","Newfoundland",25-MAY-23
"A0B 1N0","Come by Chance","D","NL","Newfoundland",25-MAY-23
"A0B 1P0","Dildo","D","NL","Newfoundland",25-MAY-23
"A0B 1R0","South Dildo","D","NL","Newfoundland",25-MAY-23
"A0B 1S0","Dunville","D","NL","Newfoundland",25-MAY-23
"A0B 1T0","Fair Haven","D","NL","Newfoundland",25-MAY-23
"A0B 1V0","Fox Harbour PB","D","NL","Newfoundland",25-MAY-23
"A0B 1W0","Freshwater PB","D","NL","Newfoundland",25-MAY-23
"A0B 1X0","Greens Harbour","D","NL","Newfoundland",25-MAY-23
"A0B 1Y0","Hants Harbour","D","NL","Newfoundland",25-MAY-23
"A0B 1Z0","Heart's Content","D","NL","Newfoundland",25-MAY-23
"A0B 2A0","Heart's Delight","D","NL","Newfoundland",25-MAY-23
"A0B 2B0","Heart's Desire","D","NL","Newfoundland",25-MAY-23
"A0B 2C0","Hopeall","D","NL","Newfoundland",25-MAY-23
"A0B 2E0","Islington","D","NL","Newfoundland",25-MAY-23
"A0B 2G0","Jerseyside","D","NL","Newfoundland",25-MAY-23
"A0B 2H0","Little Harbour East PB","D","NL","Newfoundland",25-MAY-23
"A0B 2J0","Long Harbour","D","NL","Newfoundland",25-MAY-23
"A0B 2L0","Mount Arlington Heights","D","NL","Newfoundland",25-MAY-23
"A0B 2M0","Mount Carmel","D","NL","Newfoundland",25-MAY-23
"A0B 2N0","New Chelsea","D","NL","Newfoundland",25-MAY-23
"A0B 2P0","New Harbour TB","D","NL","Newfoundland",25-MAY-23
"A0B 2R0","New Melbourne","D","NL","Newfoundland",25-MAY-23
"A0B 2S0","New Perlican","D","NL","Newfoundland",25-MAY-23
"A0B 2T0","Normans Cove","D","NL","Newfoundland",25-MAY-23
"A0B 2V0","North Harbour SMB","D","NL","Newfoundland",25-MAY-23
"A0B 2W0","Old Shop","D","NL","Newfoundland",25-MAY-23
"A0B 2Y0","Placentia","D","NL","Newfoundland",25-MAY-23
"A0B 2Z0","St Brides","D","NL","Newfoundland",25-MAY-23
"A0B 3A0","Mount Carmel","D","NL","Newfoundland",25-MAY-23
"A0B 3A0","St Josephs Sal","A","NL","Newfoundland",25-MAY-23
"A0B 3B0","St Marys","D","NL","Newfoundland",25-MAY-23
"A0B 3C0","St Vincents","D","NL","Newfoundland",25-MAY-23
"A0B 3E0","Ship Harbour PB","D","NL","Newfoundland",25-MAY-23
"A0B 3H0","Southern Harbour PB","D","NL","Newfoundland",25-MAY-23
"A0B 3J0","Sunnyside","D","NL","Newfoundland",25-MAY-23
"A0B 3K0","Whitbourne","D","NL","Newfoundland",25-MAY-23
"A0B 3L0","Whiteway","D","NL","Newfoundland",25-MAY-23
"A0B 3M0","Winterton","D","NL","Newfoundland",25-MAY-23
"A0C 0A1","Bunyans Cove","D","NL","Newfoundland",25-MAY-23
"A0C 0A2","Newmans Cove","D","NL","Newfoundland",25-MAY-23
"A0C 0A3","Plate Cove West","D","NL","Newfoundland",25-MAY-23
"A0C 0A4","Port Union","D","NL","Newfoundland",25-MAY-23
"A0C 0A5","Bloomfield","D","NL","Newfoundland",25-MAY-23
"A0C 0A6","Bonavista","D","NL","Newfoundland",25-MAY-23
"A0C 0A7","Elliston","D","NL","Newfoundland",25-MAY-23
"A0C 0A8","Knights Cove","D","NL","Newfoundland",25-MAY-23
"A0C 0A9","Sweet Bay","D","NL","Newfoundland",25-MAY-23
"A0C 0B1","Trinity TB","D","NL","Newfoundland",25-MAY-23
"A0C 0B2","Princeton","D","NL","Newfoundland",25-MAY-23
"A0C 0B3","Melrose","D","NL","Newfoundland",25-MAY-23
"A0C 0B4","Charlottetown","D","NL","Newfoundland",25-MAY-23
"A0C 0B5","Summerville","D","NL","Newfoundland",25-MAY-23
"A0C 0B6","Hickmans Harbour","D","NL","Newfoundland",25-MAY-23
"A0C 0B7","Lethbridge","D","NL","Newfoundland",25-MAY-23
"A0C 0B8","Tickle Cove","D","NL","Newfoundland",25-MAY-23
"A0C 0B9","Plate Cove East","D","NL","Newfoundland",25-MAY-23
"A0C 0C1","Little Catalina","D","NL","Newfoundland",25-MAY-23
"A0C 0C2","Kings Cove","D","NL","Newfoundland",25-MAY-23
"A0C 0C3","Catalina","D","NL","Newfoundland",25-MAY-23
"A0C 0C4","Port Rexton","D","NL","Newfoundland",25-MAY-23
"A0C 0C5","Southern Bay","D","NL","Newfoundland",25-MAY-23
"A0C 0C6","Port Blandford","D","NL","Newfoundland",25-MAY-23
"A0C 0C7","Musgravetown","D","NL","Newfoundland",25-MAY-23
"A0C 0C8","Open Hall","D","NL","Newfoundland",25-MAY-23
"A0C 0C9","Keels","D","NL","Newfoundland",25-MAY-23
"A0C 1A0","Bloomfield","D","NL","Newfoundland",25-MAY-23
"A0C 1B0","Bonavista","D","NL","Newfoundland",25-MAY-23
"A0C 1E0","Bunyans Cove","D","NL","Newfoundland",25-MAY-23
"A0C 1G0","Burgoynes Cove","D","NL","Newfoundland",25-MAY-23
"A0C 1H0","Cannings Cove","D","NL","Newfoundland",25-MAY-23
"A0C 1J0","Catalina","D","NL","Newfoundland",25-MAY-23
"A0C 1K0","Charleston","D","NL","Newfoundland",25-MAY-23
"A0C 1L0","Charlottetown","D","NL","Newfoundland",25-MAY-23
"A0C 1M0","Duntara","D","NL","Newfoundland",25-MAY-23
"A0C 1N0","Elliston","D","NL","Newfoundland",25-MAY-23
"A0C 1P0","Hickmans Harbour","D","NL","Newfoundland",25-MAY-23
"A0C 1R0","Keels","D","NL","Newfoundland",25-MAY-23
"A0C 1S0","Kings Cove","D","NL","Newfoundland",25-MAY-23
"A0C 1T0","Knights Cove","D","NL","Newfoundland",25-MAY-23
"A0C 1V0","Lethbridge","D","NL","Newfoundland",25-MAY-23
"A0C 1W0","Little Catalina","D","NL","Newfoundland",25-MAY-23
"A0C 1Y0","Melrose","D","NL","Newfoundland",25-MAY-23
"A0C 1Z0","Musgravetown","D","NL","Newfoundland",25-MAY-23
"A0C 2A0","Newmans Cove","D","NL","Newfoundland",25-MAY-23
"A0C 2B0","Open Hall","D","NL","Newfoundland",25-MAY-23
"A0C 2C0","Plate Cove East","D","NL","Newfoundland",25-MAY-23
"A0C 2E0","Plate Cove West","D","NL","Newfoundland",25-MAY-23
"A0C 2G0","Port Blandford","D","NL","Newfoundland",25-MAY-23
"A0C 2H0","Port Rexton","D","NL","Newfoundland",25-MAY-23
"A0C 2J0","Port Union","D","NL","Newfoundland",25-MAY-23
"A0C 2K0","Princeton","D","NL","Newfoundland",25-MAY-23
"A0C 2M0","Southern Bay","D","NL","Newfoundland",25-MAY-23
"A0C 2N0","Summerville","D","NL","Newfoundland",25-MAY-23
"A0C 2P0","Sweet Bay","D","NL","Newfoundland",25-MAY-23
"A0C 2R0","Tickle Cove","D","NL","Newfoundland",25-MAY-23
"A0C 2S0","Trinity TB","D","NL","Newfoundland",25-MAY-23
"A0E 0A1","Baine Harbour","D","NL","Newfoundland",25-MAY-23
"A0E 0A2","Burin","D","NL","Newfoundland",25-MAY-23
"A0E 0A3","English Harbour East","D","NL","Newfoundland",25-MAY-23
"A0E 0A4","Garnish","D","NL","Newfoundland",25-MAY-23
"A0E 0A5","Lamaline","D","NL","Newfoundland",25-MAY-23
"A0E 0A6","Marystown","D","NL","Newfoundland",25-MAY-23
"A0E 0A7","Swift Current","D","NL","Newfoundland",25-MAY-23
"A0E 0A8","Grand Bank","D","NL","Newfoundland",25-MAY-23
"A0E 0A9","Hillview","D","NL","Newfoundland",25-MAY-23
"A0E 0B1","Lawn","D","NL","Newfoundland",25-MAY-23
"A0E 0B2","Red Harbour PB","D","NL","Newfoundland",25-MAY-23
"A0E 0B3","St Bernards-Jacques Fontaine","D","NL","Newfoundland",25-MAY-23
"A0E 0B4","Lewins Cove","D","NL","Newfoundland",25-MAY-23
"A0E 0B5","Monkstown","D","NL","Newfoundland",25-MAY-23
"A0E 0B6","Garden Cove PB","D","NL","Newfoundland",25-MAY-23
"A0E 0B7","Terrenceville","D","NL","Newfoundland",25-MAY-23
"A0E 0B8","Hodges Cove","D","NL","Newfoundland",25-MAY-23
"A0E 0B9","Little Bay East","D","NL","Newfoundland",25-MAY-23
"A0E 0C1","Burin Bay Arm","D","NL","Newfoundland",25-MAY-23
"A0E 0C2","Gooseberry Cove","D","NL","Newfoundland",25-MAY-23
"A0E 0C3","Harbour Mille","D","NL","Newfoundland",25-MAY-23
"A0E 0C4","South East Bight","D","NL","Newfoundland",25-MAY-23
"A0E 0C5","Creston","D","NL","Newfoundland",25-MAY-23
"A0E 0C6","Parkers Cove","D","NL","Newfoundland",25-MAY-23
"A0E 0C7","Fortune","D","NL","Newfoundland",25-MAY-23
"A0E 0C8","Creston North","D","NL","Newfoundland",25-MAY-23
"A0E 0C9","Rushoon","D","NL","Newfoundland",25-MAY-23
"A0E 0E1","Epworth","D","NL","Newfoundland",25-MAY-23
"A0E 0E2","Grand Beach","D","NL","Newfoundland",25-MAY-23
"A0E 0E3","St Lawrence","D","NL","Newfoundland",25-MAY-23
"A0E 1A0","Baine Harbour","D","NL","Newfoundland",25-MAY-23
"A0E 1B0","Bay l'Argent","D","NL","Newfoundland",25-MAY-23
"A0E 1C0","Boat Harbour West","D","NL","Newfoundland",25-MAY-23
"A0E 1E0","Burin","D","NL","Newfoundland",25-MAY-23
"A0E 1G0","Burin Bay Arm","D","NL","Newfoundland",25-MAY-23
"A0E 1H0","Parkers Cove","D","NL","Newfoundland",25-MAY-23
"A0E 1K0","Creston","D","NL","Newfoundland",25-MAY-23
"A0E 1L0","Creston North","D","NL","Newfoundland",25-MAY-23
"A0E 1M0","English Harbour East","D","NL","Newfoundland",25-MAY-23
"A0E 1N0","Epworth","D","NL","Newfoundland",25-MAY-23
"A0E 1P0","Fortune","D","NL","Newfoundland",25-MAY-23
"A0E 1R0","Frenchmans Cove FB","D","NL","Newfoundland",25-MAY-23
"A0E 1S0","Garden Cove PB","D","NL","Newfoundland",25-MAY-23
"A0E 1T0","Garnish","D","NL","Newfoundland",25-MAY-23
"A0E 1V0","Gooseberry Cove","D","NL","Newfoundland",25-MAY-23
"A0E 1W0","Grand Bank","D","NL","Newfoundland",25-MAY-23
"A0E 1X0","Grand Beach","D","NL","Newfoundland",25-MAY-23
"A0E 1Y0","Grand le Pierre","D","NL","Newfoundland",25-MAY-23
"A0E 1Z0","Harbour Mille","D","NL","Newfoundland",25-MAY-23
"A0E 2A0","Hillview","D","NL","Newfoundland",25-MAY-23
"A0E 2B0","Hodges Cove","D","NL","Newfoundland",25-MAY-23
"A0E 2C0","Lamaline","D","NL","Newfoundland",25-MAY-23
"A0E 2E0","Lawn","D","NL","Newfoundland",25-MAY-23
"A0E 2G0","Lewins Cove","D","NL","Newfoundland",25-MAY-23
"A0E 2H0","Little Bay PB","D","NL","Newfoundland",25-MAY-23
"A0E 2J0","Little Bay East","D","NL","Newfoundland",25-MAY-23
"A0E 2K0","Little Hearts Ease","D","NL","Newfoundland",25-MAY-23
"A0E 2L0","Little St Lawrence","D","NL","Newfoundland",25-MAY-23
"A0E 2M0","Marystown","D","NL","Newfoundland",25-MAY-23
"A0E 2N0","North Harbour PB","D","NL","Newfoundland",25-MAY-23
"A0E 2P0","North West Brook","D","NL","Newfoundland",25-MAY-23
"A0E 2R0","Red Harbour PB","D","NL","Newfoundland",25-MAY-23
"A0E 2S0","Rushoon","D","NL","Newfoundland",25-MAY-23
"A0E 2T0","St Bernards-Jacques Fontaine","D","NL","Newfoundland",25-MAY-23
"A0E 2V0","St Lawrence","D","NL","Newfoundland",25-MAY-23
"A0E 2W0","Swift Current","D","NL","Newfoundland",25-MAY-23
"A0E 2X0","Terrenceville","D","NL","Newfoundland",25-MAY-23
"A0E 2Y0","Winterland","D","NL","Newfoundland",25-MAY-23
"A0E 2Z0","Monkstown","D","NL","Newfoundland",25-MAY-23
"A0E 3A0","Petite Forte","D","NL","Newfoundland",25-MAY-23
"A0E 3B0","South East Bight","D","NL","Newfoundland",25-MAY-23
"A0G 0A1","Aspen Cove","D","NL","Newfoundland",25-MAY-23
"A0G 0A2","Cottlesville","D","NL","Newfoundland",25-MAY-23
"A0G 0A3","Eastport","D","NL","Newfoundland",25-MAY-23
"A0G 0A4","Hare Bay BB","D","NL","Newfoundland",25-MAY-23
"A0G 0A5","Indian Bay BB","D","NL","Newfoundland",25-MAY-23
"A0G 0A6","Norris Arm","D","NL","Newfoundland",25-MAY-23
"A0G 0A7","Port Albert","D","NL","Newfoundland",25-MAY-23
"A0G 0A8","Glovertown South","D","NL","Newfoundland",25-MAY-23
"A0G 0A9","Birchy Bay","D","NL","Newfoundland",25-MAY-23
"A0G 0B1","Glenwood","D","NL","Newfoundland",25-MAY-23
"A0G 0B2","Stoneville","D","NL","Newfoundland",25-MAY-23
"A0G 0B3","Island Harbour","D","NL","Newfoundland",25-MAY-23
"A0G 0B4","Laurenceton","D","NL","Newfoundland",25-MAY-23
"A0G 0B5","Little Burnt Bay","D","NL","Newfoundland",25-MAY-23
"A0G 0B6","Pound Cove","D","NL","Newfoundland",25-MAY-23
"A0G 0B7","Twillingate","D","NL","Newfoundland",25-MAY-23
"A0G 0B8","Joe Batts Arm","D","NL","Newfoundland",25-MAY-23
"A0G 0B9","Wareham-Centreville","D","NL","Newfoundland",25-MAY-23
"A0G 0C1","Benton","D","NL","Newfoundland",25-MAY-23
"A0G 0C2","Campbellton","D","NL","Newfoundland",25-MAY-23
"A0G 0C3","Carmanville","D","NL","Newfoundland",25-MAY-23
"A0G 0C4","Musgrave Harbour","D","NL","Newfoundland",25-MAY-23
"A0G 0C5","Trinity BB","D","NL","Newfoundland",25-MAY-23
"A0G 0C6","St Chads","D","NL","Newfoundland",25-MAY-23
"A0G 0C7","Baytona","D","NL","Newfoundland",25-MAY-23
"A0G 0C8","Valley Pond","D","NL","Newfoundland",25-MAY-23
"A0G 0C9","Fogo","D","NL","Newfoundland",25-MAY-23
"A0G 0E1","Badgers Quay","D","NL","Newfoundland",25-MAY-23
"A0G 0E2","Bridgeport","D","NL","Newfoundland",25-MAY-23
"A0G 0E3","Cape Freels North","D","NL","Newfoundland",25-MAY-23
"A0G 0E4","Dover","D","NL","Newfoundland",25-MAY-23
"A0G 0E5","Gander Bay South","D","NL","Newfoundland",25-MAY-23
"A0G 0E6","Herring Neck","D","NL","Newfoundland",25-MAY-23
"A0G 0E7","Moretons Harbour","D","NL","Newfoundland",25-MAY-23
"A0G 0E8","St Brendans","D","NL","Newfoundland",25-MAY-23
"A0G 0E9","Sandringham","D","NL","Newfoundland",25-MAY-23
"A0G 0G1","Wings Point","D","NL","Newfoundland",25-MAY-23
"A0G 0G2","Durrell","D","NL","Newfoundland",25-MAY-23
"A0G 0G3","Gander Bay","D","NL","Newfoundland",25-MAY-23
"A0G 0G4","Hillgrade","D","NL","Newfoundland",25-MAY-23
"A0G 0G5","Summerford","D","NL","Newfoundland",25-MAY-23
"A0G 0G6","Comfort Cove-Newstead","D","NL","Newfoundland",25-MAY-23
"A0G 0G7","Carters Cove","D","NL","Newfoundland",25-MAY-23
"A0G 0G8","Glovertown","D","NL","Newfoundland",25-MAY-23
"A0G 0G9","Lumsden","D","NL","Newfoundland",25-MAY-23
"A0G 0H1","Ladle Cove","D","NL","Newfoundland",25-MAY-23
"A0G 0H2","Gambo South","D","NL","Newfoundland",25-MAY-23
"A0G 0H3","Greenspond","D","NL","Newfoundland",25-MAY-23
"A0G 0H4","Lewisporte","D","NL","Newfoundland",25-MAY-23
"A0G 0H5","Tilting","D","NL","Newfoundland",25-MAY-23
"A0G 0H6","Templeman","D","NL","Newfoundland",25-MAY-23
"A0G 0H7","Boyds Cove","D","NL","Newfoundland",25-MAY-23
"A0G 0H8","Gambo","D","NL","Newfoundland",25-MAY-23
"A0G 0H9","Horwood","D","NL","Newfoundland",25-MAY-23
"A0G 0J1","Loon Bay","D","NL","Newfoundland",25-MAY-23
"A0G 0J2","Salvage","D","NL","Newfoundland",25-MAY-23
"A0G 0J3","Victoria Cove","D","NL","Newfoundland",25-MAY-23
"A0G 0J4","Wesleyville","D","NL","Newfoundland",25-MAY-23
"A0G 0J5","Change Islands","D","NL","Newfoundland",25-MAY-23
"A0G 0J6","Deadmans Bay","D","NL","Newfoundland",25-MAY-23
"A0G 0J7","Newtown","D","NL","Newfoundland",25-MAY-23
"A0G 0J8","Seldom","D","NL","Newfoundland",25-MAY-23
"A0G 0J9","Traytown","D","NL","Newfoundland",25-MAY-23
"A0G 0K1","Embree","D","NL","Newfoundland",25-MAY-23
"A0G 1A0","Aspen Cove","D","NL","Newfoundland",25-MAY-23
"A0G 1B0","Badgers Quay","D","NL","Newfoundland",25-MAY-23
"A0G 1C0","Benton","D","NL","Newfoundland",25-MAY-23
"A0G 1E0","Birchy Bay","D","NL","Newfoundland",25-MAY-23
"A0G 1G0","Boyds Cove","D","NL","Newfoundland",25-MAY-23
"A0G 1H0","Bridgeport","D","NL","Newfoundland",25-MAY-23
"A0G 1J0","Brookfield","D","NL","Newfoundland",25-MAY-23
"A0G 1K0","Burnside","D","NL","Newfoundland",25-MAY-23
"A0G 1L0","Campbellton","D","NL","Newfoundland",25-MAY-23
"A0G 1M0","Cape Freels North","D","NL","Newfoundland",25-MAY-23
"A0G 1N0","Carmanville","D","NL","Newfoundland",25-MAY-23
"A0G 1P0","Carters Cove","D","NL","Newfoundland",25-MAY-23
"A0G 1R0","Change Islands","D","NL","Newfoundland",25-MAY-23
"A0G 1S0","Cottlesville","D","NL","Newfoundland",25-MAY-23
"A0G 1T0","Gambo","D","NL","Newfoundland",25-MAY-23
"A0G 1V0","Deadmans Bay","D","NL","Newfoundland",25-MAY-23
"A0G 1W0","Deep Bay","D","NL","Newfoundland",25-MAY-23
"A0G 1X0","Dover","D","NL","Newfoundland",25-MAY-23
"A0G 1Y0","Durrell","D","NL","Newfoundland",25-MAY-23
"A0G 1Z0","Eastport","D","NL","Newfoundland",25-MAY-23
"A0G 2A0","Embree","D","NL","Newfoundland",25-MAY-23
"A0G 2B0","Fogo","D","NL","Newfoundland",25-MAY-23
"A0G 2C0","Frederickton","D","NL","Newfoundland",25-MAY-23
"A0G 2E0","Gambo South","D","NL","Newfoundland",25-MAY-23
"A0G 2G0","Gander Bay","D","NL","Newfoundland",25-MAY-23
"A0G 2H0","Gander Bay South","D","NL","Newfoundland",25-MAY-23
"A0G 2J0","Baytona","D","NL","Newfoundland",25-MAY-23
"A0G 2K0","Glenwood","D","NL","Newfoundland",25-MAY-23
"A0G 2L0","Glovertown","D","NL","Newfoundland",25-MAY-23
"A0G 2M0","Glovertown South","D","NL","Newfoundland",25-MAY-23
"A0G 2N0","Greenspond","D","NL","Newfoundland",25-MAY-23
"A0G 2P0","Hare Bay BB","D","NL","Newfoundland",25-MAY-23
"A0G 2R0","Herring Neck","D","NL","Newfoundland",25-MAY-23
"A0G 2S0","Hillgrade","D","NL","Newfoundland",25-MAY-23
"A0G 2T0","Horwood","D","NL","Newfoundland",25-MAY-23
"A0G 2V0","Indian Bay BB","D","NL","Newfoundland",25-MAY-23
"A0G 2W0","Island Harbour","D","NL","Newfoundland",25-MAY-23
"A0G 2X0","Joe Batts Arm","D","NL","Newfoundland",25-MAY-23
"A0G 2Y0","Ladle Cove","D","NL","Newfoundland",25-MAY-23
"A0G 2Z0","Laurenceton","D","NL","Newfoundland",25-MAY-23
"A0G 3A0","Lewisporte","D","NL","Newfoundland",25-MAY-23
"A0G 3B0","Little Burnt Bay","D","NL","Newfoundland",25-MAY-23
"A0G 3C0","Loon Bay","D","NL","Newfoundland",25-MAY-23
"A0G 3E0","Lumsden","D","NL","Newfoundland",25-MAY-23
"A0G 3G0","Main Point","D","NL","Newfoundland",25-MAY-23
"A0G 3H0","Moretons Harbour","D","NL","Newfoundland",25-MAY-23
"A0G 3J0","Musgrave Harbour","D","NL","Newfoundland",25-MAY-23
"A0G 3K0","Comfort Cove-Newstead","D","NL","Newfoundland",25-MAY-23
"A0G 3L0","Newtown","D","NL","Newfoundland",25-MAY-23
"A0G 3M0","Norris Arm","D","NL","Newfoundland",25-MAY-23
"A0G 3N0","Norris Arm Northside","D","NL","Newfoundland",25-MAY-23
"A0G 3P0","Pools Island","D","NL","Newfoundland",25-MAY-23
"A0G 3R0","Port Albert","D","NL","Newfoundland",25-MAY-23
"A0G 3S0","Pound Cove","D","NL","Newfoundland",25-MAY-23
"A0G 3T0","Rodgers Cove","D","NL","Newfoundland",25-MAY-23
"A0G 3V0","St Brendans","D","NL","Newfoundland",25-MAY-23
"A0G 3W0","St Chads","D","NL","Newfoundland",25-MAY-23
"A0G 3X0","Salvage","D","NL","Newfoundland",25-MAY-23
"A0G 3Y0","Sandringham","D","NL","Newfoundland",25-MAY-23
"A0G 3Z0","Seldom","D","NL","Newfoundland",25-MAY-23
"A0G 4A0","Shalloway Cove","D","NL","Newfoundland",25-MAY-23
"A0G 4B0","Stag Harbour","D","NL","Newfoundland",25-MAY-23
"A0G 4C0","Stoneville","D","NL","Newfoundland",25-MAY-23
"A0G 4E0","Summerford","D","NL","Newfoundland",25-MAY-23
"A0G 4G0","Templeman","D","NL","Newfoundland",25-MAY-23
"A0G 4H0","Tilting","D","NL","Newfoundland",25-MAY-23
"A0G 4J0","Tizzards Harbour","D","NL","Newfoundland",25-MAY-23
"A0G 4K0","Traytown","D","NL","Newfoundland",25-MAY-23
"A0G 4L0","Trinity BB","D","NL","Newfoundland",25-MAY-23
"A0G 4M0","Twillingate","D","NL","Newfoundland",25-MAY-23
"A0G 4N0","Victoria Cove","D","NL","Newfoundland",25-MAY-23
"A1A 2N6","St. John's","D","NL","Newfoundland",25-MAY-23
"A1A 2N7","St. John's","D","NL","Newfoundland",25-MAY-23
"A1A 2N8","St. John's","D","NL","Newfoundland",25-MAY-23
"A1A 2N9","St. John's","D","NL","Newfoundland",25-MAY-23
"A1A 2P1","St. John's","D","NL","Newfoundland",25-MAY-23
"A1A 2P2","St. John's","D","NL","Newfoundland",25-MAY-23
"A1A 2P3","St. John's","D","NL","Newfoundland",25-MAY-23
"A1A 2P4","St. John's","D","NL","Newfoundland",25-MAY-23
"A1A 2P5","St. John's","D","NL","Newfoundland",25-MAY-23
"A1A 2P6","St. John's","D","NL","Newfoundland",25-MAY-23
"A1A 2P7","St. John's","D","NL","Newfoundland",25-MAY-23
"A1A 2P8","St. John's","D","NL","Newfoundland",25-MAY-23
"A1A 2P9","St. John's","D","NL","Newfoundland",25-MAY-23
"A1A 2R1","St. John's","D","NL","Newfoundland",25-MAY-23
"A1A 2R2","St. John's","D","NL","Newfoundland",25-MAY-23
"A1A 2R3","St. John's","D","NL","Newfoundland",25-MAY-23
"A1A 2R4","St. John's","D","NL","Newfoundland",25-MAY-23
"A1A 2R5","St. John's","D","NL","Newfoundland",25-MAY-23
"A1A 2R6","St. John's","D","NL","Newfoundland",25-MAY-23
"A1A 2R7","St. John's","D","NL","Newfoundland",25-MAY-23
"A1A 2R8","St. John's","D","NL","Newfoundland",25-MAY-23
"A1A 2R9","St. John's","D","NL","Newfoundland",25-MAY-23
"A1A 2S1","St. John's","D","NL","Newfoundland",25-MAY-23
"A1A 2S2","St. John's","D","NL","Newfoundland",25-MAY-23
"A1A 2S3","St. John's","D","NL","Newfoundland",25-MAY-23
"A1A 2S4","St. John's","D","NL","Newfoundland",25-MAY-23
"A1A 2S5","St. John's","D","NL","Newfoundland",25-MAY-23
"A1A 2S6","St. John's","D","NL","Newfoundland",25-MAY-23
"A1A 2S7","St. John's","D","NL","Newfoundland",25-MAY-23
"A1A 2S8","St. John's","D","NL","Newfoundland",25-MAY-23
"A1A 2S9","St. John's","D","NL","Newfoundland",25-MAY-23
"A1A 2T1","St. John's","D","NL","Newfoundland",25-MAY-23
"A1A 2T2","St. John's","D","NL","Newfoundland",25-MAY-23
"A1A 2T3","St. John's","D","NL","Newfoundland",25-MAY-23
"A1A 2T4","St. John's","D","NL","Newfoundland",25-MAY-23
"A1A 2T5","St. John's","D","NL","Newfoundland",25-MAY-23
"A1A 2T6","St. John's","D","NL","Newfoundland",25-MAY-23
"A1A 2T7","St. John's","D","NL","Newfoundland",25-MAY-23
"A1A 2T8","St. John's","D","NL","Newfoundland",25-MAY-23
"A1A 2T9","St. John's","D","NL","Newfoundland",25-MAY-23
"A1A 2V1","St. John's","D","NL","Newfoundland",25-MAY-23
"A1A 2V2","St. John's","D","NL","Newfoundland",25-MAY-23
"A1A 2V3","St. John's","D","NL","Newfoundland",25-MAY-23
"A1A 2V4","St. John's","D","NL","Newfoundland",25-MAY-23
"A1A 2V5","St. John's","D","NL","Newfoundland",25-MAY-23
"A1A 2V6","St. John's","D","NL","Newfoundland",25-MAY-23
"A1A 2V7","St. John's","D","NL","Newfoundland",25-MAY-23
"A1A 2V8","St. John's","D","NL","Newfoundland",25-MAY-23
"A1A 2V9","St. John's","D","NL","Newfoundland",25-MAY-23
"A1A 2W1","St. John's","D","NL","Newfoundland",25-MAY-23
"A1A 2W2","St. John's","D","NL","Newfoundland",25-MAY-23
"A1A 2W3","St. John's","D","NL","Newfoundland",25-MAY-23
"A1A 2W4","St. John's","D","NL","Newfoundland",25-MAY-23
"A1A 2W5","St. John's","D","NL","Newfoundland",25-MAY-23
"A1A 2W6","St. John's","D","NL","Newfoundland",25-MAY-23
"A1A 2W7","St. John's","D","NL","Newfoundland",25-MAY-23
"A1A 2W8","St. John's","D","NL","Newfoundland",25-MAY-23
"A1A 2W9","St. John's","D","NL","Newfoundland",25-MAY-23
"A1A 2X1","St. John's","D","NL","Newfoundland",25-MAY-23
"A1A 2Y5","St. John's","D","NL","Newfoundland",25-MAY-23
"A1A 2Y6","St. John's","D","NL","Newfoundland",25-MAY-23
"A1A 2Y7","St. John's","D","NL","Newfoundland",25-MAY-23
"A1A 2Y8","St. John's","D","NL","Newfoundland",25-MAY-23
"A1A 2Y9","St. John's","D","NL","Newfoundland",25-MAY-23
"A1A 2Z1","St. John's","D","NL","Newfoundland",25-MAY-23
"A1A 2Z2","St. John's","D","NL","Newfoundland",25-MAY-23
"A1A 2Z3","St. John's","D","NL","Newfoundland",25-MAY-23
"A1A 2Z4","St. John's","D","NL","Newfoundland",25-MAY-23
"A1A 2Z5","St. John's","D","NL","Newfoundland",25-MAY-23
"A1A 2Z6","St. John's","D","NL","Newfoundland",25-MAY-23
"A1A 2Z7","St. John's","D","NL","Newfoundland",25-MAY-23
"A1A 2Z8","St. John's","D","NL","Newfoundland",25-MAY-23
"A1A 2Z9","St. John's","D","NL","Newfoundland",25-MAY-23
"A1A 3A1","St. John's","D","NL","Newfoundland",25-MAY-23
"A1A 3A2","St. John's","D","NL","Newfoundland",25-MAY-23
"A1A 3A3","St. John's","D","NL","Newfoundland",25-MAY-23
"A1A 3A4","St. John's","D","NL","Newfoundland",25-MAY-23
"A1A 3A5","St. John's","D","NL","Newfoundland",25-MAY-23
"A1A 3A6","St. John's","D","NL","Newfoundland",25-MAY-23
"A1A 3A7","St. John's","D","NL","Newfoundland",25-MAY-23
"A1A 3A8","St. John's","D","NL","Newfoundland",25-MAY-23
"A1A 3A9","St. John's","D","NL","Newfoundland",25-MAY-23
"A1A 3B1","St. John's","D","NL","Newfoundland",25-MAY-23
"A1A 3B2","St. John's","D","NL","Newfoundland",25-MAY-23
"A1A 3B3","St. John's","D","NL","Newfoundland",25-MAY-23
"A1A 3B4","St. John's","D","NL","Newfoundland",25-MAY-23
"A1A 3B5","St. John's","D","NL","Newfoundland",25-MAY-23
"A1A 3B7","St. John's","D","NL","Newfoundland",25-MAY-23
"A1A 3B8","St. John's","D","NL","Newfoundland",25-MAY-23
"A1A 3C1","St. John's","D","NL","Newfoundland",25-MAY-23
"A1A 3C3","St. John's","D","NL","Newfoundland",25-MAY-23
"A1A 3C4","St. John's","D","NL","Newfoundland",25-MAY-23
"A1A 3C5","St. John's","D","NL","Newfoundland",25-MAY-23
"A1A 3C6","St. John's","D","NL","Newfoundland",25-MAY-23
"A1A 3C7","St. John's","D","NL","Newfoundland",25-MAY-23
"A1A 3C8","St. John's","D","NL","Newfoundland",25-MAY-23
"A1A 3C9","St. John's","D","NL","Newfoundland",25-MAY-23
"A1A 3E1","St. John's","D","NL","Newfoundland",25-MAY-23
"A1A 3E2","St. John's","D","NL","Newfoundland",25-MAY-23
"A1A 3E3","St. John's","D","NL","Newfoundland",25-MAY-23
"A1A 3E4","St. John's","D","NL","Newfoundland",25-MAY-23
"A1A 3E5","St. John's","D","NL","Newfoundland",25-MAY-23
"A1A 3E7","St. John's","D","NL","Newfoundland",25-MAY-23
"A1A 3E8","St. John's","D","NL","Newfoundland",25-MAY-23
"A1A 3E9","St. John's","D","NL","Newfoundland",25-MAY-23
"A1A 3G1","St. John's","D","NL","Newfoundland",25-MAY-23
"A1A 3G2","St. John's","D","NL","Newfoundland",25-MAY-23
"A1A 3G3","St. John's","D","NL","Newfoundland",25-MAY-23
"A1A 3G4","St. John's","D","NL","Newfoundland",25-MAY-23
"A1A 3G5","St. John's","D","NL","Newfoundland",25-MAY-23
"A1A 3G6","St. John's","D","NL","Newfoundland",25-MAY-23
"A1A 3G7","St. John's","D","NL","Newfoundland",25-MAY-23
"A1A 3G8","St. John's","D","NL","Newfoundland",25-MAY-23
"A1A 3G9","St. John's","D","NL","Newfoundland",25-MAY-23
"A1A 3H1","St. John's","D","NL","Newfoundland",25-MAY-23
"A1A 3H2","St. John's","D","NL","Newfoundland",25-MAY-23
"A1A 3H3","St. John's","D","NL","Newfoundland",25-MAY-23
"A1A 3H4","St. John's","D","NL","Newfoundland",25-MAY-23
"A1A 3H5","St. John's","D","NL","Newfoundland",25-MAY-23
"A1A 3H6","St. John's","D","NL","Newfoundland",25-MAY-23
"A1A 3H7","St. John's","D","NL","Newfoundland",25-MAY-23
"A1A 3H8","St. John's","D","NL","Newfoundland",25-MAY-23
"A1A 3H9","St. John's","D","NL","Newfoundland",25-MAY-23
"A1A 3J1","St. John's","D","NL","Newfoundland",25-MAY-23
"A1A 3J2","St. John's","D","NL","Newfoundland",25-MAY-23
"A1A 3J3","St. John's","D","NL","Newfoundland",25-MAY-23
"A1A 3J4","St. John's","D","NL","Newfoundland",25-MAY-23
"A1A 3J5","St. John's","D","NL","Newfoundland",25-MAY-23
"A1A 3J6","St. John's","D","NL","Newfoundland",25-MAY-23
"A1A 3J7","St. John's","D","NL","Newfoundland",25-MAY-23
"A1A 3J8","St. John's","D","NL","Newfoundland",25-MAY-23
"A1A 3J9","St. John's","D","NL","Newfoundland",25-MAY-23
"A1A 3K1","St. John's","D","NL","Newfoundland",25-MAY-23
"A1A 3K2","St. John's","D","NL","Newfoundland",25-MAY-23
"A1A 3K3","St. John's","D","NL","Newfoundland",25-MAY-23
"A1A 3K4","St. John's","D","NL","Newfoundland",25-MAY-23
"A1A 3K5","St. John's","D","NL","Newfoundland",25-MAY-23
"A1A 3K6","St. John's","D","NL","Newfoundland",25-MAY-23
"A1A 3K7","St. John's","D","NL","Newfoundland",25-MAY-23
"A1A 3K8","St. John's","D","NL","Newfoundland",25-MAY-23
"A1A 3K9","St. John's","D","NL","Newfoundland",25-MAY-23
"A1A 3L1","St. John's","D","NL","Newfoundland",25-MAY-23
"A1A 3L2","St. John's","D","NL","Newfoundland",25-MAY-23
"A1A 3L3","St. John's","D","NL","Newfoundland",25-MAY-23
"A1A 3L4","St. John's","D","NL","Newfoundland",25-MAY-23
"A1A 3L5","St. John's","D","NL","Newfoundland",25-MAY-23
"A1A 3L6","St. John's","D","NL","Newfoundland",25-MAY-23
"A1A 3L7","St. John's","D","NL","Newfoundland",25-MAY-23
"A1A 3L8","St. John's","D","NL","Newfoundland",25-MAY-23
"A1A 3L9","St. John's","D","NL","Newfoundland",25-MAY-23
"A1A 3M1","St. John's","D","NL","Newfoundland",25-MAY-23
"A1A 3M2","St. John's","D","NL","Newfoundland",25-MAY-23
"A1A 3M3","St. John's","D","NL","Newfoundland",25-MAY-23
"A1A 3M4","St. John's","D","NL","Newfoundland",25-MAY-23
"A1A 3M5","St. John's","D","NL","Newfoundland",25-MAY-23
"A1A 3M6","St. John's","D","NL","Newfoundland",25-MAY-23
"A1A 3M7","St. John's","D","NL","Newfoundland",25-MAY-23
"A1A 3M8","St. John's","D","NL","Newfoundland",25-MAY-23
"A1A 3M9","St. John's","D","NL","Newfoundland",25-MAY-23
"A1A 3N1","St. John's","D","NL","Newfoundland",25-MAY-23
"A1A 3N2","St. John's","D","NL","Newfoundland",25-MAY-23
"A1A 3N3","St. John's","D","NL","Newfoundland",25-MAY-23
"A1A 3N4","St. John's","D","NL","Newfoundland",25-MAY-23
"A1A 3N5","St. John's","D","NL","Newfoundland",25-MAY-23
"A1A 3N6","St. John's","D","NL","Newfoundland",25-MAY-23
"A1A 3N7","St. John's","D","NL","Newfoundland",25-MAY-23
"A1A 3N8","St. John's","D","NL","Newfoundland",25-MAY-23
"A1A 3N9","St. John's","D","NL","Newfoundland",25-MAY-23
"A1A 3P1","St. John's","D","NL","Newfoundland",25-MAY-23
"A1A 3P2","St. John's","D","NL","Newfoundland",25-MAY-23
"A1A 3P3","St. John's","D","NL","Newfoundland",25-MAY-23
"A1A 3P4","St. John's","D","NL","Newfoundland",25-MAY-23
"A1A 3P5","St. John's","D","NL","Newfoundland",25-MAY-23
"A1A 3P6","St. John's","D","NL","Newfoundland",25-MAY-23
"A1A 3P7","St. John's","D","NL","Newfoundland",25-MAY-23
"A1A 3P8","St. John's","D","NL","Newfoundland",25-MAY-23
"A1A 3P9","St. John's","D","NL","Newfoundland",25-MAY-23
"A1A 3R1","St. John's","D","NL","Newfoundland",25-MAY-23
"A1A 3R2","St. John's","D","NL","Newfoundland",25-MAY-23
"A1A 3R3","St. John's","D","NL","Newfoundland",25-MAY-23
"A1A 3R4","St. John's","D","NL","Newfoundland",25-MAY-23
"A1A 3R5","St. John's","D","NL","Newfoundland",25-MAY-23
"A1A 3R6","St. John's","D","NL","Newfoundland",25-MAY-23
"A1A 3R7","St. John's","D","NL","Newfoundland",25-MAY-23
"A1A 3R8","St. John's","D","NL","Newfoundland",25-MAY-23
"A1A 3R9","St. John's","D","NL","Newfoundland",25-MAY-23
"A1A 3S1","St. John's","D","NL","Newfoundland",25-MAY-23
"A1A 3S2","St. John's","D","NL","Newfoundland",25-MAY-23
"A1A 3S3","St. John's","D","NL","Newfoundland",25-MAY-23
"A1A 3S4","St. John's","D","NL","Newfoundland",25-MAY-23
"A1A 3S5","St. John's","D","NL","Newfoundland",25-MAY-23
"A1A 3S6","St. John's","D","NL","Newfoundland",25-MAY-23
"A1A 3S8","St. John's","D","NL","Newfoundland",25-MAY-23
"A1A 3S9","St. John's","D","NL","Newfoundland",25-MAY-23
"A1A 3T1","St. John's","D","NL","Newfoundland",25-MAY-23
"A1A 3T3","St. John's","D","NL","Newfoundland",25-MAY-23
"A1A 3T5","St. John's","D","NL","Newfoundland",25-MAY-23
"A1A 3T7","St. John's","D","NL","Newfoundland",25-MAY-23
"A1A 3V1","St. John's","D","NL","Newfoundland",25-MAY-23
"A1A 3V2","St. John's","D","NL","Newfoundland",25-MAY-23
"A1A 3V3","St. John's","D","NL","Newfoundland",25-MAY-23
"A1A 3V4","St. John's","D","NL","Newfoundland",25-MAY-23
"A1A 3V5","St. John's","D","NL","Newfoundland",25-MAY-23
"A1A 3V9","St. John's","D","NL","Newfoundland",25-MAY-23
"A1A 3W1","St. John's","D","NL","Newfoundland",25-MAY-23
"A1A 3W2","St. John's","D","NL","Newfoundland",25-MAY-23
"A1A 3W4","St. John's","D","NL","Newfoundland",25-MAY-23
"A1A 3W5","St. John's","D","NL","Newfoundland",25-MAY-23
"A1A 3W6","St. John's","D","NL","Newfoundland",25-MAY-23
"A1A 3W7","St. John's","D","NL","Newfoundland",25-MAY-23
"A1A 3W8","St. John's","D","NL","Newfoundland",25-MAY-23
"A1A 3W9","St. John's","D","NL","Newfoundland",25-MAY-23
"A1A 3X1","St. John's","D","NL","Newfoundland",25-MAY-23
"A1A 3X2","St. John's","D","NL","Newfoundland",25-MAY-23
"A1A 3X3","St. John's","D","NL","Newfoundland",25-MAY-23
"A1A 3X4","St. John's","D","NL","Newfoundland",25-MAY-23
"A1A 3X5","St. John's","D","NL","Newfoundland",25-MAY-23
"A1A 3X6","St. John's","D","NL","Newfoundland",25-MAY-23
"A1A 3X7","St. John's","D","NL","Newfoundland",25-MAY-23
"A1A 3X9","St. John's","D","NL","Newfoundland",25-MAY-23
"A1A 3Y1","St. John's","D","NL","Newfoundland",25-MAY-23
"A1A 3Y2","St. John's","D","NL","Newfoundland",25-MAY-23
"A1A 3Y4","St. John's","D","NL","Newfoundland",25-MAY-23
"A1A 3Y6","St. John's","D","NL","Newfoundland",25-MAY-23
"A1A 3Y7","St. John's","D","NL","Newfoundland",25-MAY-23
"A1A 3Y8","St. John's","D","NL","Newfoundland",25-MAY-23
"A1A 3Y9","St. John's","D","NL","Newfoundland",25-MAY-23
"A1A 3Z1","St. John's","D","NL","Newfoundland",25-MAY-23
"A1A 3Z2","St. John's","D","NL","Newfoundland",25-MAY-23
"A1A 3Z3","St. John's","D","NL","Newfoundland",25-MAY-23
"A1A 3Z4","St. John's","D","NL","Newfoundland",25-MAY-23
"A1A 3Z5","St. John's","D","NL","Newfoundland",25-MAY-23
"A1A 3Z6","St. John's","D","NL","Newfoundland",25-MAY-23
"A1A 3Z7","St. John's","D","NL","Newfoundland",25-MAY-23
"A1A 3Z9","St. John's","D","NL","Newfoundland",25-MAY-23
"A1A 4A1","St. John's","D","NL","Newfoundland",25-MAY-23
"A1A 4A2","St. John's","D","NL","Newfoundland",25-MAY-23
"A1A 4A3","St. John's","D","NL","Newfoundland",25-MAY-23
"A1A 4A4","St. John's","D","NL","Newfoundland",25-MAY-23
"A1A 4A5","St. John's","D","NL","Newfoundland",25-MAY-23
"A1A 4A6","St. John's","D","NL","Newfoundland",25-MAY-23
"A1A 4A7","St. John's","D","NL","Newfoundland",25-MAY-23
"A1A 4A8","St. John's","D","NL","Newfoundland",25-MAY-23
"A1A 4A9","St. John's","D","NL","Newfoundland",25-MAY-23
"A1A 4B1","St. John's","D","NL","Newfoundland",25-MAY-23
"A1A 4B2","St. John's","D","NL","Newfoundland",25-MAY-23
"A1A 4B3","St. John's","D","NL","Newfoundland",25-MAY-23
"A1A 4B4","St. John's","D","NL","Newfoundland",25-MAY-23
"A1A 4B5","St. John's","D","NL","Newfoundland",25-MAY-23
"A1A 4B6","St. John's","D","NL","Newfoundland",25-MAY-23
"A1A 4B7","St. John's","D","NL","Newfoundland",25-MAY-23
"A1A 4B8","St. John's","D","NL","Newfoundland",25-MAY-23
"A1A 4B9","St. John's","D","NL","Newfoundland",25-MAY-23
"A1A 4C1","St. John's","D","NL","Newfoundland",25-MAY-23
"A1A 4C2","St. John's","D","NL","Newfoundland",25-MAY-23
"A1A 4C3","St. John's","D","NL","Newfoundland",25-MAY-23
"A1A 4C4","St. John's","D","NL","Newfoundland",25-MAY-23
"A1A 4C5","St. John's","D","NL","Newfoundland",25-MAY-23
"A1A 4C6","St. John's","D","NL","Newfoundland",25-MAY-23
"A1A 4C7","St. John's","D","NL","Newfoundland",25-MAY-23
"A1A 4C8","St. John's","D","NL","Newfoundland",25-MAY-23
"A1A 4C9","St. John's","D","NL","Newfoundland",25-MAY-23
"A1A 4E1","St. John's","D","NL","Newfoundland",25-MAY-23
"A1A 4E2","St. John's","D","NL","Newfoundland",25-MAY-23
"A1A 4E3","St. John's","D","NL","Newfoundland",25-MAY-23
"A1A 4E4","St. John's","D","NL","Newfoundland",25-MAY-23
"A1A 4E6","St. John's","D","NL","Newfoundland",25-MAY-23
"A1A 4E9","St. John's","D","NL","Newfoundland",25-MAY-23
"A1A 4G1","St. John's","D","NL","Newfoundland",25-MAY-23
"A1A 4G2","St. John's","D","NL","Newfoundland",25-MAY-23
"A1A 4G3","St. John's","D","NL","Newfoundland",25-MAY-23
"A1A 4G4","St. John's","D","NL","Newfoundland",25-MAY-23
"A1A 4G5","St. John's","D","NL","Newfoundland",25-MAY-23
"A1A 4G7","St. John's","D","NL","Newfoundland",25-MAY-23
"A1A 4G8","St. John's","D","NL","Newfoundland",25-MAY-23
"A1A 4G9","St. John's","D","NL","Newfoundland",25-MAY-23
"A1A 4H6","St. John's","D","NL","Newfoundland",25-MAY-23
"A1A 4H7","St. John's","D","NL","Newfoundland",25-MAY-23
"A1A 4H9","St. John's","D","NL","Newfoundland",25-MAY-23
"A1A 4J9","St. John's","D","NL","Newfoundland",25-MAY-23
"A1A 4K1","St. John's","D","NL","Newfoundland",25-MAY-23
"A1A 4L3","St. John's","D","NL","Newfoundland",25-MAY-23
"A1A 4L6","St. John's","D","NL","Newfoundland",25-MAY-23
"A1A 4L7","St. John's","D","NL","Newfoundland",25-MAY-23
"A1A 4M2","St. John's","D","NL","Newfoundland",25-MAY-23
"A1A 4M3","St. John's","D","NL","Newfoundland",25-MAY-23
"A1A 4M6","St. John's","D","NL","Newfoundland",25-MAY-23
"A1A 4M7","St. John's","D","NL","Newfoundland",25-MAY-23
"A1A 4M8","St. John's","D","NL","Newfoundland",25-MAY-23
"A1A 4N2","St. John's","D","NL","Newfoundland",25-MAY-23
"A1A 4N3","St. John's","D","NL","Newfoundland",25-MAY-23
"A1A 4N4","St. John's","D","NL","Newfoundland",25-MAY-23
"A1A 4N5","St. John's","D","NL","Newfoundland",25-MAY-23
"A1A 4N6","St. John's","D","NL","Newfoundland",25-MAY-23
"A1A 4N7","St. John's","D","NL","Newfoundland",25-MAY-23
"A1A 4N8","St. John's","D","NL","Newfoundland",25-MAY-23
"A1A 4N9","St. John's","D","NL","Newfoundland",25-MAY-23
"A1A 4P1","St. John's","D","NL","Newfoundland",25-MAY-23
"A1A 4P2","St. John's","D","NL","Newfoundland",25-MAY-23
"A1A 4P3","St. John's","D","NL","Newfoundland",25-MAY-23
"A1A 4P4","St. John's","D","NL","Newfoundland",25-MAY-23
"A1A 4P5","St. John's","D","NL","Newfoundland",25-MAY-23
"A1A 4P6","St. John's","D","NL","Newfoundland",25-MAY-23
"A1A 4P7","St. John's","D","NL","Newfoundland",25-MAY-23
"A1A 4P8","St. John's","D","NL","Newfoundland",25-MAY-23
"A1A 4R1","St. John's","D","NL","Newfoundland",25-MAY-23
"A1A 4R2","St. John's","D","NL","Newfoundland",25-MAY-23
"A1A 4R3","St. John's","D","NL","Newfoundland",25-MAY-23
"A1A 4R4","St. John's","D","NL","Newfoundland",25-MAY-23
"A1A 4R5","St. John's","D","NL","Newfoundland",25-MAY-23
"A1A 4R6","St. John's","D","NL","Newfoundland",25-MAY-23
"A1A 4R7","St. John's","D","NL","Newfoundland",25-MAY-23
"A1A 4R8","St. John's","D","NL","Newfoundland",25-MAY-23
"A1A 4R9","St. John's","D","NL","Newfoundland",25-MAY-23
"A1A 4S1","St. John's","D","NL","Newfoundland",25-MAY-23
"A1A 4S2","St. John's","D","NL","Newfoundland",25-MAY-23
"A1A 4S3","St. John's","D","NL","Newfoundland",25-MAY-23
"A1A 4S4","St. John's","D","NL","Newfoundland",25-MAY-23
"A1A 4S5","St. John's","D","NL","Newfoundland",25-MAY-23
"A1A 4S6","St. John's","D","NL","Newfoundland",25-MAY-23
"A1A 4S7","St. John's","D","NL","Newfoundland",25-MAY-23
"A1A 4S8","St. John's","D","NL","Newfoundland",25-MAY-23
"A1A 4S9","St. John's","D","NL","Newfoundland",25-MAY-23
"A1A 4T1","St. John's","D","NL","Newfoundland",25-MAY-23
"A1A 4T2","St. John's","D","NL","Newfoundland",25-MAY-23
"A1A 4T3","St. John's","D","NL","Newfoundland",25-MAY-23
"A1A 4T4","St. John's","D","NL","Newfoundland",25-MAY-23
"A1A 4T5","St. John's","D","NL","Newfoundland",25-MAY-23
"A1A 4T6","St. John's","D","NL","Newfoundland",25-MAY-23
"A1A 4T7","St. John's","D","NL","Newfoundland",25-MAY-23
"A1A 4T8","St. John's","D","NL","Newfoundland",25-MAY-23
"A1A 4T9","St. John's","D","NL","Newfoundland",25-MAY-23
"A1A 4V1","St. John's","D","NL","Newfoundland",25-MAY-23
"A1A 4V2","St. John's","D","NL","Newfoundland",25-MAY-23
"A1A 4V3","St. John's","D","NL","Newfoundland",25-MAY-23
"A1A 4V4","St. John's","D","NL","Newfoundland",25-MAY-23
"A1A 4V5","St. John's","D","NL","Newfoundland",25-MAY-23
"A1A 4V6","St. John's","D","NL","Newfoundland",25-MAY-23
"A1A 4V7","St. John's","D","NL","Newfoundland",25-MAY-23
"A1A 4V9","St. John's","D","NL","Newfoundland",25-MAY-23
"A1A 4W1","St. John's","D","NL","Newfoundland",25-MAY-23
"A1A 4W2","St. John's","D","NL","Newfoundland",25-MAY-23
"A1A 4W3","St. John's","D","NL","Newfoundland",25-MAY-23
"A1A 4W4","St. John's","D","NL","Newfoundland",25-MAY-23
"A1A 4W5","St. John's","D","NL","Newfoundland",25-MAY-23
"A0K 0G2","Bonne Bay","D","NL","Newfoundland",25-MAY-23
"A0K 0G3","Bird Cove","D","NL","Newfoundland",25-MAY-23
"A0K 0G4","Burlington","D","NL","Newfoundland",25-MAY-23
"A0K 0G5","Nippers Harbour","D","NL","Newfoundland",25-MAY-23
"A0K 0G6","Norris Point","D","NL","Newfoundland",25-MAY-23
"A0K 0G7","Parsons Pond","D","NL","Newfoundland",25-MAY-23
"A0K 0G8","Bide Arm","D","NL","Newfoundland",25-MAY-23
"A0K 0G9","Cooks Harbour","D","NL","Newfoundland",25-MAY-23
"A0K 0H1","Main Brook","D","NL","Newfoundland",25-MAY-23
"A0K 0H2","Pollards Point","D","NL","Newfoundland",25-MAY-23
"A0K 0H3","L'Anse au Clair","D","NL","Newfoundland",25-MAY-23
"A0K 0H4","St Anthony","D","NL","Newfoundland",25-MAY-23
"A0K 0H5","Trout River","D","NL","Newfoundland",25-MAY-23
"A0K 0H6","Westport","D","NL","Newfoundland",25-MAY-23
"A0K 0H7","Eddies Cove","D","NL","Newfoundland",25-MAY-23
"A0K 0H8","Green Island Brook","D","NL","Newfoundland",25-MAY-23
"A0K 0H9","Cartwright","D","NL","Newfoundland",25-MAY-23
"A0K 0J1","Eddies Cove West","D","NL","Newfoundland",25-MAY-23
"A0K 0J2","Green Island Cove","D","NL","Newfoundland",25-MAY-23
"A0K 0J3","St Lunaire-Griquet","D","NL","Newfoundland",25-MAY-23
"A0K 0J4","Howley","D","NL","Newfoundland",25-MAY-23
"A0K 0J5","Jacksons Arm","D","NL","Newfoundland",25-MAY-23
"A0K 0J6","L'Anse au Loup","D","NL","Newfoundland",25-MAY-23
"A0K 0J7","Pacquet","D","NL","Newfoundland",25-MAY-23
"A0K 0J8","River of Ponds","D","NL","Newfoundland",25-MAY-23
"A0K 0J9","Lodge Bay","D","NL","Newfoundland",25-MAY-23
"A0K 0K1","Red Bay","D","NL","Newfoundland",25-MAY-23
"A0K 0K2","St Pauls","D","NL","Newfoundland",25-MAY-23
"A0K 0K3","West St Modeste","D","NL","Newfoundland",25-MAY-23
"A0K 1A0","Anchor Point","D","NL","Newfoundland",25-MAY-23
"A0K 1B0","Baie Verte","D","NL","Newfoundland",25-MAY-23
"A0K 1C0","Bartletts Harbour","D","NL","Newfoundland",25-MAY-23
"A0K 1H0","Bellburns","D","NL","Newfoundland",25-MAY-23
"A0K 1J0","Bide Arm","D","NL","Newfoundland",25-MAY-23
"A0K 1K0","Birchy Head","D","NL","Newfoundland",25-MAY-23
"A0K 1L0","Bird Cove","D","NL","Newfoundland",25-MAY-23
"A0K 1M0","Black Duck Cove","D","NL","Newfoundland",25-MAY-23
"A0K 1N0","Black Tickle","D","NL","Newfoundland",25-MAY-23
"A0K 1P0","Bonne Bay","D","NL","Newfoundland",25-MAY-23
"A0K 1R0","Brents Cove","D","NL","Newfoundland",25-MAY-23
"A0K 1S0","Burlington","D","NL","Newfoundland",25-MAY-23
"A0K 1T0","Lodge Bay","D","NL","Newfoundland",25-MAY-23
"A0K 1V0","Cartwright","D","NL","Newfoundland",25-MAY-23
"A0K 1W0","Castors River","D","NL","Newfoundland",25-MAY-23
"A0K 1X0","Coachmans Cove","D","NL","Newfoundland",25-MAY-23
"A0K 1Y0","Conche","D","NL","Newfoundland",25-MAY-23
"A0K 1Z0","Cooks Harbour","D","NL","Newfoundland",25-MAY-23
"A0K 2A0","Cow Head","D","NL","Newfoundland",25-MAY-23
"A0K 2B0","Croque","D","NL","Newfoundland",25-MAY-23
"A0K 2C0","Daniels Harbour","D","NL","Newfoundland",25-MAY-23
"A0K 2G0","Eddies Cove","D","NL","Newfoundland",25-MAY-23
"A0K 2H0","Eddies Cove West","D","NL","Newfoundland",25-MAY-23
"A0K 2J0","Englee","D","NL","Newfoundland",25-MAY-23
"A0K 2M0","Fleur de Lys","D","NL","Newfoundland",25-MAY-23
"A0K 2N0","Flowers Cove","D","NL","Newfoundland",25-MAY-23
"A0K 2P0","Forteau","D","NL","Newfoundland",25-MAY-23
"A0K 2V0","Green Island Brook","D","NL","Newfoundland",25-MAY-23
"A0K 2W0","Green Island Cove","D","NL","Newfoundland",25-MAY-23
"A0K 2X0","St Lunaire-Griquet","D","NL","Newfoundland",25-MAY-23
"A0K 2Y0","Hampden","D","NL","Newfoundland",25-MAY-23
"A0K 3A0","Harbour Round","D","NL","Newfoundland",25-MAY-23
"A0K 3B0","Hawkes Bay","D","NL","Newfoundland",25-MAY-23
"A0K 3E0","Howley","D","NL","Newfoundland",25-MAY-23
"A0K 3H0","Jacksons Arm","D","NL","Newfoundland",25-MAY-23
"A0K 3K0","L'Anse au Clair","D","NL","Newfoundland",25-MAY-23
"A0K 3L0","L'Anse au Loup","D","NL","Newfoundland",25-MAY-23
"A0K 3M0","La Scie","D","NL","Newfoundland",25-MAY-23
"A0K 3N0","Main Brook","D","NL","Newfoundland",25-MAY-23
"A0K 3P0","Marys Harbour","D","NL","Newfoundland",25-MAY-23
"A0K 3R0","Middle Arm GB","D","NL","Newfoundland",25-MAY-23
"A0K 3S0","Mings Bight","D","NL","Newfoundland",25-MAY-23
"A0K 3T0","Nippers Harbour","D","NL","Newfoundland",25-MAY-23
"A0K 3V0","Norris Point","D","NL","Newfoundland",25-MAY-23
"A0K 3X0","Pacquet","D","NL","Newfoundland",25-MAY-23
"A0K 3Y0","Paradise River","D","NL","Newfoundland",25-MAY-23
"A0K 3Z0","Parsons Pond","D","NL","Newfoundland",25-MAY-23
"A0K 4A0","Plum Point","D","NL","Newfoundland",25-MAY-23
"A0K 4B0","Pollards Point","D","NL","Newfoundland",25-MAY-23
"A0K 4C0","Port au Choix","D","NL","Newfoundland",25-MAY-23
"A0K 4E0","Port Hope Simpson","D","NL","Newfoundland",25-MAY-23
"A0K 4G0","Portland Creek","D","NL","Newfoundland",25-MAY-23
"A0K 4H0","Port Saunders","D","NL","Newfoundland",25-MAY-23
"A0K 4J0","Raleigh","D","NL","Newfoundland",25-MAY-23
"A0K 4K0","Red Bay","D","NL","Newfoundland",25-MAY-23
"A0K 4L0","Reefs Harbour","D","NL","Newfoundland",25-MAY-23
"A0K 4M0","River of Ponds","D","NL","Newfoundland",25-MAY-23
"A0K 4N0","Rocky Harbour","D","NL","Newfoundland",25-MAY-23
"A0K 4P0","Roddickton","D","NL","Newfoundland",25-MAY-23
"A0K 4R0","Round Harbour GB","D","NL","Newfoundland",25-MAY-23
"A0K 4S0","St Anthony","D","NL","Newfoundland",25-MAY-23
"A0K 4T0","St Anthony East","D","NL","Newfoundland",25-MAY-23
